﻿<?xml version="1.0" encoding="utf-8"?>
<root>
  <c>
    <f><![CDATA[Education]]></f>
    <b><![CDATA[Educación]]></b>
  </c>
  <c>
    <f><![CDATA[access (to the university)]]></f>
    <b><![CDATA[el acceso (a la universidad)]]></b>
  </c>
  <c>
    <f><![CDATA[tutorial support]]></f>
    <b><![CDATA[el apoyo tutorial]]></b>
  </c>
  <c>
    <f><![CDATA[to attend (class)]]></f>
    <b><![CDATA[asistir (a clase) ]]></b>
  </c>
  <c>
    <f><![CDATA[attendance]]></f>
    <b><![CDATA[la asistencia]]></b>
  </c>
  <c>
    <f><![CDATA[scholarship]]></f>
    <b><![CDATA[la beca]]></b>
  </c>
  <c>
    <f><![CDATA[level]]></f>
    <b><![CDATA[el nivel]]></b>
  </c>
  <c>
    <f><![CDATA[term of request (?)]]></f>
    <b><![CDATA[el plazo de solicitud ]]></b>
  </c>
  <c>
    <f><![CDATA[recreation]]></f>
    <b><![CDATA[el recreo]]></b>
  </c>
  <c>
    <f><![CDATA[examination]]></f>
    <b><![CDATA[el examen]]></b>
  </c>
  <c>
    <f><![CDATA[test]]></f>
    <b><![CDATA[la prueba ]]></b>
  </c>
  <c>
    <f><![CDATA[self-esteem]]></f>
    <b><![CDATA[la autoestima]]></b>
  </c>
  <c>
    <f><![CDATA[to motivate]]></f>
    <b><![CDATA[motivar]]></b>
  </c>
  <c>
    <f><![CDATA[motivation]]></f>
    <b><![CDATA[la motivación]]></b>
  </c>
  <c>
    <f><![CDATA[goals]]></f>
    <b><![CDATA[las metas]]></b>
  </c>
  <c>
    <f><![CDATA[scholastic objective]]></f>
    <b><![CDATA[el objetivo escolar]]></b>
  </c>
  <c>
    <f><![CDATA[university/professional career]]></f>
    <b><![CDATA[la carrera universitaria / profesional]]></b>
  </c>
  <c>
    <f><![CDATA[course (academic)]]></f>
    <b><![CDATA[el curso (académico)]]></b>
  </c>
  <c>
    <f><![CDATA[professional training]]></f>
    <b><![CDATA[la formación profesional]]></b>
  </c>
  <c>
    <f><![CDATA[professional/vocacional guidance]]></f>
    <b><![CDATA[la orientación profesional / vocacional]]></b>
  </c>
  <c>
    <f><![CDATA[education]]></f>
    <b><![CDATA[la enseñanza]]></b>
  </c>
  <c>
    <f><![CDATA[methodology]]></f>
    <b><![CDATA[la metodología]]></b>
  </c>
  <c>
    <f><![CDATA[material (audio-visual)]]></f>
    <b><![CDATA[el material (audiovisual)]]></b>
  </c>
  <c>
    <f><![CDATA[classroom (fem noun)]]></f>
    <b><![CDATA[el aula]]></b>
  </c>
  <c>
    <f><![CDATA[university (actual, at a distance)]]></f>
    <b><![CDATA[la universidad (presencial, a distancia)]]></b>
  </c>
  <c>
    <f><![CDATA[Alphabetization]]></f>
    <b><![CDATA[Alfabetización ]]></b>
  </c>
  <c>
    <f><![CDATA[to make literate (teach reading and writing)]]></f>
    <b><![CDATA[alfabetizar]]></b>
  </c>
  <c>
    <f><![CDATA[literacy teachers]]></f>
    <b><![CDATA[los alfabetizadores ]]></b>
  </c>
  <c>
    <f><![CDATA[illiterate]]></f>
    <b><![CDATA[analfabeto]]></b>
  </c>
  <c>
    <f><![CDATA[illiteracy]]></f>
    <b><![CDATA[el analfabetismo]]></b>
  </c>
  <c>
    <f><![CDATA[literacy campaign]]></f>
    <b><![CDATA[la campaña de alfabetización]]></b>
  </c>
  <c>
    <f><![CDATA[eradication (of illiteracy)]]></f>
    <b><![CDATA[la erradicación (del analfabetismo)]]></b>
  </c>
  <c>
    <f><![CDATA[reading and writing]]></f>
    <b><![CDATA[la lectoescritura]]></b>
  </c>
  <c>
    <f><![CDATA[Scholastic equipment]]></f>
    <b><![CDATA[Útiles escolares]]></b>
  </c>
  <c>
    <f><![CDATA[ball-point pen]]></f>
    <b><![CDATA[el bolígrafo ]]></b>
  </c>
  <c>
    <f><![CDATA[rough book, sketch pad]]></f>
    <b><![CDATA[el borrador]]></b>
  </c>
  <c>
    <f><![CDATA[notebook]]></f>
    <b><![CDATA[el cuaderno ]]></b>
  </c>
  <c>
    <f><![CDATA[case]]></f>
    <b><![CDATA[el estuche]]></b>
  </c>
  <c>
    <f><![CDATA[eraser]]></f>
    <b><![CDATA[la goma de borra ]]></b>
  </c>
  <c>
    <f><![CDATA[pencil]]></f>
    <b><![CDATA[el lápiz]]></b>
  </c>
  <c>
    <f><![CDATA[knapsack]]></f>
    <b><![CDATA[la mochila ]]></b>
  </c>
  <c>
    <f><![CDATA[labeller]]></f>
    <b><![CDATA[el rotulador]]></b>
  </c>
  <c>
    <f><![CDATA[Compound nouns]]></f>
    <b><![CDATA[Sustantivos compuestos ]]></b>
  </c>
  <c>
    <f><![CDATA[pencil sharpener]]></f>
    <b><![CDATA[el sacapuntas]]></b>
  </c>
  <c>
    <f><![CDATA[paperweight]]></f>
    <b><![CDATA[el pisapapeles ]]></b>
  </c>
  <c>
    <f><![CDATA[bookend]]></f>
    <b><![CDATA[el sujetalibros]]></b>
  </c>
  <c>
    <f><![CDATA[bottle opener]]></f>
    <b><![CDATA[el abrebotellas]]></b>
  </c>
  <c>
    <f><![CDATA[corkscrew]]></f>
    <b><![CDATA[el sacacorchos]]></b>
  </c>
  <c>
    <f><![CDATA[windshield wiper]]></f>
    <b><![CDATA[el limpiaparabrisas]]></b>
  </c>
  <c>
    <f><![CDATA[nutcrackers]]></f>
    <b><![CDATA[el cascanueces]]></b>
  </c>
  <c>
    <f><![CDATA[Computer science]]></f>
    <b><![CDATA[Informática]]></b>
  </c>
  <c>
    <f><![CDATA[at sign @]]></f>
    <b><![CDATA[la arroba @ ]]></b>
  </c>
  <c>
    <f><![CDATA[bar, slash /]]></f>
    <b><![CDATA[la barra /]]></b>
  </c>
  <c>
    <f><![CDATA[electronic mail (email)]]></f>
    <b><![CDATA[el correo electrónico (el e-mail)]]></b>
  </c>
  <c>
    <f><![CDATA[Verbs that indicate changes and repercussions]]></f>
    <b><![CDATA[Verbos que indican cambios y repercusiones]]></b>
  </c>
  <c>
    <f><![CDATA[to increase]]></f>
    <b><![CDATA[aumentar]]></b>
  </c>
  <c>
    <f><![CDATA[to grow]]></f>
    <b><![CDATA[crecer]]></b>
  </c>
  <c>
    <f><![CDATA[to increase]]></f>
    <b><![CDATA[incrementar]]></b>
  </c>
  <c>
    <f><![CDATA[to ascend]]></f>
    <b><![CDATA[ascender]]></b>
  </c>
  <c>
    <f><![CDATA[to raise]]></f>
    <b><![CDATA[subir]]></b>
  </c>
  <c>
    <f><![CDATA[to lower]]></f>
    <b><![CDATA[bajar ]]></b>
  </c>
  <c>
    <f><![CDATA[to decrease]]></f>
    <b><![CDATA[decrecer]]></b>
  </c>
  <c>
    <f><![CDATA[to descend]]></f>
    <b><![CDATA[descender]]></b>
  </c>
  <c>
    <f><![CDATA[to diminish]]></f>
    <b><![CDATA[disminuir ]]></b>
  </c>
  <c>
    <f><![CDATA[to reduce]]></f>
    <b><![CDATA[reducir]]></b>
  </c>
  <c>
    <f><![CDATA[to stay]]></f>
    <b><![CDATA[mantenerse]]></b>
  </c>
  <c>
    <f><![CDATA[to improve]]></f>
    <b><![CDATA[ir a mejor]]></b>
  </c>
  <c>
    <f><![CDATA[to worsen]]></f>
    <b><![CDATA[ir a peor ]]></b>
  </c>
  <c>
    <f><![CDATA[to obtain, achieve]]></f>
    <b><![CDATA[lograr]]></b>
  </c>
  <c>
    <f><![CDATA[to improve]]></f>
    <b><![CDATA[mejorar ]]></b>
  </c>
  <c>
    <f><![CDATA[to evolve]]></f>
    <b><![CDATA[evolucionar]]></b>
  </c>
  <c>
    <f><![CDATA[to progress]]></f>
    <b><![CDATA[progresar ]]></b>
  </c>
  <c>
    <f><![CDATA[to impact, have an effect]]></f>
    <b><![CDATA[repercutir]]></b>
  </c>
  <c>
    <f><![CDATA[Adverbs and adverbial phrases of time]]></f>
    <b><![CDATA[Adverbios y frases adverbiales de tiempo]]></b>
  </c>
  <c>
    <f><![CDATA[in recent years]]></f>
    <b><![CDATA[en los últimos años]]></b>
  </c>
  <c>
    <f><![CDATA[in the last decade]]></f>
    <b><![CDATA[en la última década ]]></b>
  </c>
  <c>
    <f><![CDATA[in the 40s]]></f>
    <b><![CDATA[en los años 40]]></b>
  </c>
  <c>
    <f><![CDATA[recently]]></f>
    <b><![CDATA[recientemente]]></b>
  </c>
  <c>
    <f><![CDATA[lately]]></f>
    <b><![CDATA[últimamente]]></b>
  </c>
  <c>
    <f><![CDATA[Adverbs (that indicate the nature of the change)]]></f>
    <b><![CDATA[Adverbios (que indican la naturaleza del cambio)]]></b>
  </c>
  <c>
    <f><![CDATA[considerably]]></f>
    <b><![CDATA[considerablemente]]></b>
  </c>
  <c>
    <f><![CDATA[dramatically]]></f>
    <b><![CDATA[dramáticamente]]></b>
  </c>
  <c>
    <f><![CDATA[extensively]]></f>
    <b><![CDATA[extensivamente]]></b>
  </c>
  <c>
    <f><![CDATA[significantly]]></f>
    <b><![CDATA[significativamente ]]></b>
  </c>
  <c>
    <f><![CDATA[tremendously]]></f>
    <b><![CDATA[tremendamente]]></b>
  </c>
  <c>
    <f><![CDATA[slightly]]></f>
    <b><![CDATA[ligeramente ]]></b>
  </c>
  <c>
    <f><![CDATA[noticeably]]></f>
    <b><![CDATA[marcadamente]]></b>
  </c>
  <c>
    <f><![CDATA[slowly]]></f>
    <b><![CDATA[lentamente]]></b>
  </c>
  <c>
    <f><![CDATA[progressively]]></f>
    <b><![CDATA[progresivamente ]]></b>
  </c>
  <c>
    <f><![CDATA[gradually]]></f>
    <b><![CDATA[paulatinamente]]></b>
  </c>
  <c>
    <f><![CDATA[slowly]]></f>
    <b><![CDATA[pausadamente]]></b>
  </c>
  <c>
    <f><![CDATA[little by little]]></f>
    <b><![CDATA[poco a poco]]></b>
  </c>
</root>