﻿<?xml version="1.0" encoding="utf-8"?>
<root>
  <verb>
    <english><![CDATA[<p>to live</p>]]></english>
    <infntv>
      <![CDATA[vivir
      ]]>
    </infntv>
    <prsnt regular = "true">
      <![CDATA[<table><tr><td>vivo</td><td>vivimos</td></tr><tr><td>vives</td><td>vivís</td></tr><tr><td>vive</td><td>viven</td></tr></table>
      ]]>
    </prsnt>
    <imprfct regular = "true">
      <![CDATA[<table><tr><td>vivía</td><td>vivíamos</td></tr><tr><td>vivías</td><td>vivíais</td></tr><tr><td>vivía</td><td>vivían</td></tr></table>
      ]]>
    </imprfct>
    <prtrt regular = "true">
      <![CDATA[<table><tr><td>viví</td><td>vivimos</td></tr><tr><td>viviste</td><td>vivisteis</td></tr><tr><td>vivió</td><td>vivieron</td></tr></table>
      ]]>
    </prtrt>
    <pstprtcpl regular = "true">
      <![CDATA[<p>vivido</p>
      ]]>
    </pstprtcpl>
    <grnd regular = "true">
      <![CDATA[<p>viviendo</p>
      ]]>
    </grnd>
    <imprtv regular = "true">
      <![CDATA[<p>(tu) vive (vosotros) vivid</p>
      ]]>
    </imprtv>
    <prsntsbj regular = "true">
      <![CDATA[<table><tr><td>viva</td><td>vivamos</td></tr><tr><td>vivas</td><td>viváis</td></tr><tr><td>viva</td><td>vivan</td></tr></table>
      ]]>
    </prsntsbj>
    <notes regular = "true">
      <![CDATA[<p>Completely regular verb</p>
      ]]>
    </notes>
  </verb>
  <verb>
    <english><![CDATA[<p>to see</p>]]></english>
    <infntv>
      <![CDATA[ver
      ]]>
    </infntv>
    <prsnt regular = "false">
      <![CDATA[<table><tr><td>veo</td><td>vemos</td></tr><tr><td>ves</td><td>veis</td></tr><tr><td>ve</td><td>ven</td></tr></table>
      ]]>
    </prsnt>
    <imprfct regular = "false">
      <![CDATA[<table><tr><td>veía</td><td>veíamos</td></tr><tr><td>veías</td><td>veíais</td></tr><tr><td>veía</td><td>veían</td></tr></table>
      ]]>
    </imprfct>
    <prtrt regular = "false">
      <![CDATA[<table><tr><td>vi</td><td>vimos</td></tr><tr><td>viste</td><td>visteis</td></tr><tr><td>vio</td><td>vieron</td></tr></table>
      ]]>
    </prtrt>
    <pstprtcpl regular = "false">
      <![CDATA[<p>visto</p>
      ]]>
    </pstprtcpl>
    <grnd regular = "true">
      <![CDATA[<p>viendo</p>
      ]]>
    </grnd>
    <imprtv regular = "true">
      <![CDATA[<p>(tu) ve (vosotros) ved</p>
      ]]>
    </imprtv>
    <prsntsbj regular = "true">
      <![CDATA[<table><tr><td>vea</td><td>veamos</td></tr><tr><td>veas</td><td>veáis</td></tr><tr><td>vea</td><td>vean</td></tr></table>
      ]]>
    </prsntsbj>
    <notes regular = "true">
      <![CDATA[<p>n/a</p>
      ]]>
    </notes>
  </verb>
  <verb>
    <english><![CDATA[<p>to come</p>]]></english>
    <infntv>
      <![CDATA[venir
      ]]>
    </infntv>
    <prsnt regular = "false">
      <![CDATA[<table><tr><td>vengo</td><td>venimos</td></tr><tr><td>vienes</td><td>venís</td></tr><tr><td>viene</td><td>vienen</td></tr></table>
      ]]>
    </prsnt>
    <imprfct regular = "true">
      <![CDATA[<table><tr><td>venía</td><td>veníamos</td></tr><tr><td>venías</td><td>veníais</td></tr><tr><td>venía</td><td>venían</td></tr></table>
      ]]>
    </imprfct>
    <prtrt regular = "false">
      <![CDATA[<table><tr><td>vine</td><td>vinimos</td></tr><tr><td>viniste</td><td>vinisteis</td></tr><tr><td>vino</td><td>vinieron</td></tr></table>
      ]]>
    </prtrt>
    <pstprtcpl regular = "true">
      <![CDATA[<p>venido</p>
      ]]>
    </pstprtcpl>
    <grnd regular = "false">
      <![CDATA[<p>viniendo</p>
      ]]>
    </grnd>
    <imprtv regular = "true">
      <![CDATA[<p>(tu) ven (vosotros) venid</p>
      ]]>
    </imprtv>
    <prsntsbj regular = "true">
      <![CDATA[<table><tr><td>venga</td><td>vengamos</td></tr><tr><td>vengas</td><td>vengáis</td></tr><tr><td>venga</td><td>vengan</td></tr></table>
      ]]>
    </prsntsbj>
    <notes regular = "false">
      <![CDATA[<p>Irregular in the future and conditional - stem - vendr-</p>
      ]]>
    </notes>
  </verb>
  <verb>
    <english><![CDATA[<p>to be worth</p>]]></english>
    <infntv>
      <![CDATA[valer
      ]]>
    </infntv>
    <prsnt regular = "false">
      <![CDATA[<table><tr><td>valgo</td><td>valemos</td></tr><tr><td>vales</td><td>valéis</td></tr><tr><td>vale</td><td>valen</td></tr></table>
      ]]>
    </prsnt>
    <imprfct regular = "true">
      <![CDATA[<table><tr><td>valía</td><td>valíamos</td></tr><tr><td>valías</td><td>valíais</td></tr><tr><td>valía</td><td>valían</td></tr></table>
      ]]>
    </imprfct>
    <prtrt regular = "false">
      <![CDATA[<table><tr><td>valí</td><td>valimos</td></tr><tr><td>valiste</td><td>valisteis</td></tr><tr><td>valió</td><td>valieron</td></tr></table>
      ]]>
    </prtrt>
    <pstprtcpl regular = "true">
      <![CDATA[<p>valido</p>
      ]]>
    </pstprtcpl>
    <grnd regular = "true">
      <![CDATA[<p>valiendo</p>
      ]]>
    </grnd>
    <imprtv regular = "true">
      <![CDATA[<p>vale valed</p>
      ]]>
    </imprtv>
    <prsntsbj regular = "true">
      <![CDATA[<table><tr><td>valga</td><td>valgamos</td></tr><tr><td>valgas</td><td>valgáis</td></tr><tr><td>valga</td><td>valgan</td></tr></table>
      ]]>
    </prsntsbj>
    <notes regular = "false">
      <![CDATA[<p>Irregular in the future and conditional - stem - valdr</p>
      ]]>
    </notes>
  </verb>
  <verb>
    <english><![CDATA[<p>to have</p>]]></english>
    <infntv>
      <![CDATA[tener
      ]]>
    </infntv>
    <prsnt regular = "false">
      <![CDATA[<table><tr><td>tengo</td><td>tenemos</td></tr><tr><td>tienes</td><td>tenéis</td></tr><tr><td>tiene</td><td>tienen</td></tr></table>
      ]]>
    </prsnt>
    <imprfct regular = "true">
      <![CDATA[<table><tr><td>tenía</td><td>teníamos</td></tr><tr><td>tenías</td><td>teníais</td></tr><tr><td>tenía</td><td>tenían</td></tr></table>
      ]]>
    </imprfct>
    <prtrt regular = "false">
      <![CDATA[<table><tr><td>tuve</td><td>tuvimos</td></tr><tr><td>tuviste</td><td>tuvisteis</td></tr><tr><td>tuvo</td><td>tuvieron</td></tr></table>
      ]]>
    </prtrt>
    <pstprtcpl regular = "true">
      <![CDATA[<p>tenido</p>
      ]]>
    </pstprtcpl>
    <grnd regular = "true">
      <![CDATA[<p>teniendo</p>
      ]]>
    </grnd>
    <imprtv regular = "true">
      <![CDATA[<p>(tu) ten (vosotros) tened</p>
      ]]>
    </imprtv>
    <prsntsbj regular = "true">
      <![CDATA[<table><tr><td>tenga</td><td>tengamos</td></tr><tr><td>tengas</td><td>tengáis</td></tr><tr><td>tenga</td><td>tengan</td></tr></table>
      ]]>
    </prsntsbj>
    <notes regular = "false">
      <![CDATA[<p>Irregular in the future and conditional - stem - tendr-</p>
      ]]>
    </notes>
  </verb>
  <verb>
    <english><![CDATA[<p>to be</p>]]></english>
    <infntv>
      <![CDATA[ser
      ]]>
    </infntv>
    <prsnt regular = "false">
      <![CDATA[<table><tr><td>soy</td><td>somos</td></tr><tr><td>eres</td><td>sois</td></tr><tr><td>es</td><td>son</td></tr></table>
      ]]>
    </prsnt>
    <imprfct regular = "false">
      <![CDATA[<table><tr><td>era</td><td>éramos</td></tr><tr><td>eras</td><td>erais</td></tr><tr><td>era</td><td>eran</td></tr></table>
      ]]>
    </imprfct>
    <prtrt regular = "false">
      <![CDATA[<table><tr><td>fui</td><td>fuimos</td></tr><tr><td>fuiste</td><td>fuisteis</td></tr><tr><td>fue</td><td>fueron</td></tr></table>
      ]]>
    </prtrt>
    <pstprtcpl regular = "true">
      <![CDATA[<p>sido</p>
      ]]>
    </pstprtcpl>
    <grnd regular = "true">
      <![CDATA[<p>siendo</p>
      ]]>
    </grnd>
    <imprtv regular = "false">
      <![CDATA[<p>(tu) sé (vosotros) sed</p>
      ]]>
    </imprtv>
    <prsntsbj regular = "false">
      <![CDATA[<table><tr><td>sea</td><td>seamos</td></tr><tr><td>seas</td><td>seáis</td></tr><tr><td>sea</td><td>sean</td></tr></table>
      ]]>
    </prsntsbj>
    <notes regular = "true">
      <![CDATA[<p>n/a</p>
      ]]>
    </notes>
  </verb>
  <verb>
    <english><![CDATA[<p>to leave</p>]]></english>
    <infntv>
      <![CDATA[salir
      ]]>
    </infntv>
    <prsnt regular = "false">
      <![CDATA[<table><tr><td>salgo</td><td>salimos</td></tr><tr><td>sales</td><td>salís</td></tr><tr><td>sale</td><td>salen</td></tr></table>
      ]]>
    </prsnt>
    <imprfct regular = "true">
      <![CDATA[<table><tr><td>salía</td><td>salíamos</td></tr><tr><td>salías</td><td>salíais</td></tr><tr><td>salía</td><td>salían</td></tr></table>
      ]]>
    </imprfct>
    <prtrt regular = "false">
      <![CDATA[<table><tr><td>salí</td><td>salimos</td></tr><tr><td>saliste</td><td>salisteis</td></tr><tr><td>salió</td><td>salieron</td></tr></table>
      ]]>
    </prtrt>
    <pstprtcpl regular = "true">
      <![CDATA[<p>salido</p>
      ]]>
    </pstprtcpl>
    <grnd regular = "true">
      <![CDATA[<p>saliendo</p>
      ]]>
    </grnd>
    <imprtv regular = "true">
      <![CDATA[<p>sal salid</p>
      ]]>
    </imprtv>
    <prsntsbj regular = "true">
      <![CDATA[<table><tr><td>salga</td><td>salgamos</td></tr><tr><td>salgas</td><td>salgáis</td></tr><tr><td>salga</td><td>salgan</td></tr></table>
      ]]>
    </prsntsbj>
    <notes regular = "false">
      <![CDATA[<p>Irregular in the future and conditional - stem - saldr-</p>
      ]]>
    </notes>
  </verb>
  <verb>
    <english><![CDATA[<p>to know</p>]]></english>
    <infntv>
      <![CDATA[saber
      ]]>
    </infntv>
    <prsnt regular = "false">
      <![CDATA[<table><tr><td>sé</td><td>sabemos</td></tr><tr><td>sabes</td><td>sabéis</td></tr><tr><td>sabe</td><td>saben</td></tr></table>
      ]]>
    </prsnt>
    <imprfct regular = "true">
      <![CDATA[<table><tr><td>sabía</td><td>sabíamos</td></tr><tr><td>sabías</td><td>sabíais</td></tr><tr><td>sabía</td><td>sabían</td></tr></table>
      ]]>
    </imprfct>
    <prtrt regular = "false">
      <![CDATA[<table><tr><td>supe</td><td>supimos</td></tr><tr><td>supiste</td><td>supisteis</td></tr><tr><td>supo</td><td>supieron</td></tr></table>
      ]]>
    </prtrt>
    <pstprtcpl regular = "true">
      <![CDATA[<p>sabido</p>
      ]]>
    </pstprtcpl>
    <grnd regular = "true">
      <![CDATA[<p>sabiendo</p>
      ]]>
    </grnd>
    <imprtv regular = "true">
      <![CDATA[<p>(tu) sabe (vosotros) sabed</p>
      ]]>
    </imprtv>
    <prsntsbj regular = "false">
      <![CDATA[<table><tr><td>sepa</td><td>sepamos</td></tr><tr><td>sepas</td><td>sepáis</td></tr><tr><td>sepa</td><td>sepan</td></tr></table>
      ]]>
    </prsntsbj>
    <notes regular = "false">
      <![CDATA[<p>Irregular in the future and conditional - stem - sabr-</p>
      ]]>
    </notes>
  </verb>
  <verb>
    <english><![CDATA[<p>to want</p>]]></english>
    <infntv>
      <![CDATA[querer
      ]]>
    </infntv>
    <prsnt regular = "false">
      <![CDATA[<table><tr><td>quiero</td><td>queremos</td></tr><tr><td>quieres</td><td>queréis</td></tr><tr><td>quiere</td><td>quieren</td></tr></table>
      ]]>
    </prsnt>
    <imprfct regular = "true">
      <![CDATA[<table><tr><td>quería</td><td>queríamos</td></tr><tr><td>querías</td><td>queríais</td></tr><tr><td>quería</td><td>querían</td></tr></table>
      ]]>
    </imprfct>
    <prtrt regular = "false">
      <![CDATA[<table><tr><td>quise</td><td>quisimos</td></tr><tr><td>quisiste</td><td>quisisteis</td></tr><tr><td>quiso</td><td>quisieron</td></tr></table>
      ]]>
    </prtrt>
    <pstprtcpl regular = "true">
      <![CDATA[<p>querido</p>
      ]]>
    </pstprtcpl>
    <grnd regular = "true">
      <![CDATA[<p>queriendo</p>
      ]]>
    </grnd>
    <imprtv regular = "true">
      <![CDATA[<p>(tu) quiere (vosotros) quered</p>
      ]]>
    </imprtv>
    <prsntsbj regular = "false">
      <![CDATA[<table><tr><td>quiera</td><td>queramos</td></tr><tr><td>quieras</td><td>queráis</td></tr><tr><td>quiera</td><td>quieran</td></tr></table>
      ]]>
    </prsntsbj>
    <notes regular = "false">
      <![CDATA[<p>Irregular in the future and conditional - stem - querr-</p>
      ]]>
    </notes>
  </verb>
  <verb>
    <english><![CDATA[<p>to put</p>]]></english>
    <infntv>
      <![CDATA[poner
      ]]>
    </infntv>
    <prsnt regular = "false">
      <![CDATA[<table><tr><td>pongo</td><td>ponemos</td></tr><tr><td>pones</td><td>ponéis</td></tr><tr><td>pone</td><td>ponen</td></tr></table>
      ]]>
    </prsnt>
    <imprfct regular = "true">
      <![CDATA[<table><tr><td>ponía</td><td>poníamos</td></tr><tr><td>ponías</td><td>poníais</td></tr><tr><td>ponía</td><td>ponían</td></tr></table>
      ]]>
    </imprfct>
    <prtrt regular = "false">
      <![CDATA[<table><tr><td>puse</td><td>pusimos</td></tr><tr><td>pusiste</td><td>pusisteis</td></tr><tr><td>puso</td><td>pusieron</td></tr></table>
      ]]>
    </prtrt>
    <pstprtcpl regular = "false">
      <![CDATA[<p>puesto</p>
      ]]>
    </pstprtcpl>
    <grnd regular = "true">
      <![CDATA[<p>poniendo</p>
      ]]>
    </grnd>
    <imprtv regular = "true">
      <![CDATA[<p>(tu) pon (vosotros) poned</p>
      ]]>
    </imprtv>
    <prsntsbj regular = "true">
      <![CDATA[<table><tr><td>ponga</td><td>pongamos</td></tr><tr><td>pongas</td><td>pongáis</td></tr><tr><td>ponga</td><td>pongan</td></tr></table>
      ]]>
    </prsntsbj>
    <notes regular = "false">
      <![CDATA[<p>Irregular in the future and conditional - stem - pondr-</p>
      ]]>
    </notes>
  </verb>
  <verb>
    <english><![CDATA[<p>to be able</p>]]></english>
    <infntv>
      <![CDATA[poder
      ]]>
    </infntv>
    <prsnt regular = "false">
      <![CDATA[<table><tr><td>puedo</td><td>podemos</td></tr><tr><td>puedes</td><td>podéis</td></tr><tr><td>puede</td><td>pueden</td></tr></table>
      ]]>
    </prsnt>
    <imprfct regular = "true">
      <![CDATA[<table><tr><td>podía</td><td>podíamos</td></tr><tr><td>podías</td><td>podíais</td></tr><tr><td>podía</td><td>podían</td></tr></table>
      ]]>
    </imprfct>
    <prtrt regular = "false">
      <![CDATA[<table><tr><td>pude</td><td>pudimos</td></tr><tr><td>pudiste</td><td>pudisteis</td></tr><tr><td>pudo</td><td>pudieron</td></tr></table>
      ]]>
    </prtrt>
    <pstprtcpl regular = "true">
      <![CDATA[<p>podido</p>
      ]]>
    </pstprtcpl>
    <grnd regular = "false">
      <![CDATA[<p>pudiendo</p>
      ]]>
    </grnd>
    <imprtv regular = "true">
      <![CDATA[<p>not used</p>
      ]]>
    </imprtv>
    <prsntsbj regular = "false">
      <![CDATA[<table><tr><td>pueda</td><td>podamos</td></tr><tr><td>puedas</td><td>podáis</td></tr><tr><td>pueda</td><td>puedan</td></tr></table>
      ]]>
    </prsntsbj>
    <notes regular = "false">
      <![CDATA[<p>Irregular in the future and conditional - stem - podr-</p>
      ]]>
    </notes>
  </verb>
  <verb>
    <english><![CDATA[<p>to go</p>]]></english>
    <infntv>
      <![CDATA[ir
      ]]>
    </infntv>
    <prsnt regular = "false">
      <![CDATA[<table><tr><td>voy</td><td>vamos</td></tr><tr><td>vas</td><td>vais</td></tr><tr><td>va</td><td>van</td></tr></table>
      ]]>
    </prsnt>
    <imprfct regular = "false">
      <![CDATA[<table><tr><td>iba</td><td>ibamos</td></tr><tr><td>ibas</td><td>ibais</td></tr><tr><td>iba</td><td>iban</td></tr></table>
      ]]>
    </imprfct>
    <prtrt regular = "false">
      <![CDATA[<table><tr><td>fui</td><td>fuimos</td></tr><tr><td>fuiste</td><td>fuisteis</td></tr><tr><td>fue</td><td>fueron</td></tr></table>
      ]]>
    </prtrt>
    <pstprtcpl regular = "true">
      <![CDATA[<p>ido</p>
      ]]>
    </pstprtcpl>
    <grnd regular = "false">
      <![CDATA[<p>yendo</p>
      ]]>
    </grnd>
    <imprtv regular = "false">
      <![CDATA[<p>(tu) ve (vosotros) id</p>
      ]]>
    </imprtv>
    <prsntsbj regular = "false">
      <![CDATA[<table><tr><td>vaya</td><td>vayamos</td></tr><tr><td>vayas</td><td>vayáis</td></tr><tr><td>vaya</td><td>vayan</td></tr></table>
      ]]>
    </prsntsbj>
    <notes regular = "true">
      <![CDATA[<p>n/a</p>
      ]]>
    </notes>
  </verb>
  <verb>
    <english><![CDATA[<p>to do/make</p>]]></english>
    <infntv>
      <![CDATA[hacer
      ]]>
    </infntv>
    <prsnt regular = "false">
      <![CDATA[<table><tr><td>hago</td><td>hacemos</td></tr><tr><td>haces</td><td>hacéis</td></tr><tr><td>hace</td><td>hacen</td></tr></table>
      ]]>
    </prsnt>
    <imprfct regular = "true">
      <![CDATA[<table><tr><td>hacía</td><td>hacíamos</td></tr><tr><td>hacías</td><td>hacíais</td></tr><tr><td>hacía</td><td>hacían</td></tr></table>
      ]]>
    </imprfct>
    <prtrt regular = "false">
      <![CDATA[<table><tr><td>hice</td><td>hicimos</td></tr><tr><td>hiciste</td><td>hicisteis</td></tr><tr><td>hizo</td><td>hicieron</td></tr></table>
      ]]>
    </prtrt>
    <pstprtcpl regular = "false">
      <![CDATA[<p>hecho</p>
      ]]>
    </pstprtcpl>
    <grnd regular = "true">
      <![CDATA[<p>haciendo</p>
      ]]>
    </grnd>
    <imprtv regular = "false">
      <![CDATA[<p>(tu) haz (vosotros) haced</p>
      ]]>
    </imprtv>
    <prsntsbj regular = "true">
      <![CDATA[<table><tr><td>haga</td><td>hagamos</td></tr><tr><td>hagas</td><td>hagáis</td></tr><tr><td>haga</td><td>hagan</td></tr></table>
      ]]>
    </prsntsbj>
    <notes regular = "false">
      <![CDATA[<p>Irregular in the future and conditional - stem - har-</p>
      ]]>
    </notes>
  </verb>
  <verb>
    <english><![CDATA[<p>to speak</p>]]></english>
    <infntv>
      <![CDATA[hablar
      ]]>
    </infntv>
    <prsnt regular = "true">
      <![CDATA[<table><tr><td>hablo</td><td>hablamos</td></tr><tr><td>hablas</td><td>habláis</td></tr><tr><td>habla</td><td>hablan</td></tr></table>
      ]]>
    </prsnt>
    <imprfct regular = "true">
      <![CDATA[<table><tr><td>hablaba</td><td>hablábamos</td></tr><tr><td>hablabas</td><td>hablabais</td></tr><tr><td>hablaba</td><td>hablaban</td></tr></table>    
      ]]>
    </imprfct>
    <prtrt regular = "true">
      <![CDATA[<table><tr><td>hablé</td><td>hablamos</td></tr><tr><td>hablaste</td><td>hablasteis</td></tr><tr><td>habló</td><td>hablaron</td></tr></table>
      ]]>
    </prtrt>
    <pstprtcpl regular = "true">
      <![CDATA[<p>hablado</p>
      ]]>
    </pstprtcpl>
    <grnd regular = "true">
      <![CDATA[<p>hablando</p>
      ]]>
    </grnd>
    <imprtv regular = "true">
      <![CDATA[<p>(tu) habla (vosotros) hablad</p>
      ]]>
    </imprtv>
    <prsntsbj regular = "true">
      <![CDATA[<table><tr><td>hable</td><td>hablemos</td></tr><tr><td>hables</td><td>habléis</td></tr><tr><td>hable</td><td>hablen</td></tr></table>
      ]]>
    </prsntsbj>
    <notes regular = "true">
      <![CDATA[<p>Completely regular verb</p>
      ]]>
    </notes>
  </verb>
  <verb>
    <english><![CDATA[<p>to have (auxiliary)</p>]]></english>
    <infntv>
      <![CDATA[haber
      ]]>
    </infntv>
    <prsnt regular = "false">
      <![CDATA[<table><tr><td>he</td><td>habemos</td></tr><tr><td>has</td><td>habéis</td></tr><tr><td>ha</td><td>han</td></tr></table>
      ]]>
    </prsnt>
    <imprfct regular = "true">
      <![CDATA[<table><tr><td>había</td><td>habíamos</td></tr><tr><td>habías</td><td>habíais</td></tr><tr><td>había</td><td>habían</td></tr></table>
      ]]>
    </imprfct>
    <prtrt regular = "false">
      <![CDATA[<table><tr><td>hube</td><td>hubimos</td></tr><tr><td>hubiste</td><td>hubisteis</td></tr><tr><td>hubo</td><td>hubieron</td></tr></table>
      ]]>
    </prtrt>
    <pstprtcpl regular = "true">
      <![CDATA[<p>habido</p>
      ]]>
    </pstprtcpl>
    <grnd regular = "true">
      <![CDATA[<p>habiendo</p>
      ]]>
    </grnd>
    <imprtv regular = "false">
      <![CDATA[<p>not used</p>
      ]]>
    </imprtv>
    <prsntsbj regular = "true">
      <![CDATA[<table><tr><td>haya</td><td>hayamos</td></tr><tr><td>hayas</td><td>hayáis</td></tr><tr><td>haya</td><td>hayan</td></tr></table>
      ]]>
    </prsntsbj>
    <notes regular = "false">
      <![CDATA[<p>Irregular in the future and conditional - stem - habr-</p>
      ]]>
    </notes>
  </verb>
  <verb>
    <english><![CDATA[<p>to be</p>]]></english>
    <infntv>
      <![CDATA[estar
      ]]>
    </infntv>
    <prsnt regular = "false">
      <![CDATA[<table><tr><td>estoy</td><td>estamos</td></tr><tr><td>estás</td><td>estáis</td></tr><tr><td>está</td><td>están</td></tr></table>
      ]]>
    </prsnt>
    <imprfct regular = "true">
      <![CDATA[<table><tr><td>estaba</td><td>estábamos</td></tr><tr><td>estabas</td><td>estabais</td></tr><tr><td>estaba</td><td>estaban</td></tr></table>
      ]]>
    </imprfct>
    <prtrt regular = "false">
      <![CDATA[<table><tr><td>estuve</td><td>estuvimos</td></tr><tr><td>estuviste</td><td>estuvisteis</td></tr><tr><td>estuvo</td><td>estuvieron</td></tr></table>
      ]]>
    </prtrt>
    <pstprtcpl regular = "true">
      <![CDATA[<p>estado</p>
      ]]>
    </pstprtcpl>
    <grnd regular = "false">
      <![CDATA[<p>estando</p>
      ]]>
    </grnd>
    <imprtv regular = "true">
      <![CDATA[<p>(tu) está (vosotros) estad</p>
      ]]>
    </imprtv>
    <prsntsbj regular = "false">
      <![CDATA[<table><tr><td>esté</td><td>estemos</td></tr><tr><td>estés</td><td>estéis</td></tr><tr><td>esté</td><td>estén</td></tr></table>
      ]]>
    </prsntsbj>
    <notes regular = "true">
      <![CDATA[<p>n/a</p>
      ]]>
    </notes>
  </verb>
  <verb>
    <english><![CDATA[<p>to say</p>]]></english>
    <infntv>
      <![CDATA[decir
      ]]>
    </infntv>
    <prsnt regular = "false">
      <![CDATA[<table><tr><td>digo</td><td>decimos</td></tr><tr><td>dices</td><td>decís</td></tr><tr><td>dice</td><td>dicen</td></tr></table>
      ]]>
    </prsnt>
    <imprfct regular = "true">
      <![CDATA[<table><tr><td>decía</td><td>decíamos</td></tr><tr><td>decías</td><td>decíais</td></tr><tr><td>decía</td><td>decían</td></tr></table>
      ]]>
    </imprfct>
    <prtrt regular = "false">
      <![CDATA[<table><tr><td>dije</td><td>dijimos</td></tr><tr><td>dijiste</td><td>dijisteis</td></tr><tr><td>dijo</td><td>dijeron</td></tr></table>
      ]]>
    </prtrt>
    <pstprtcpl regular = "false">
      <![CDATA[<p>dicho</p>
      ]]>
    </pstprtcpl>
    <grnd regular = "false">
      <![CDATA[<p>diciendo</p>
      ]]>
    </grnd>
    <imprtv regular = "false">
      <![CDATA[<p>(tu) di (vosotros) decid</p>
      ]]>
    </imprtv>
    <prsntsbj regular = "true">
      <![CDATA[<table><tr><td>diga</td><td>digamos</td></tr><tr><td>digas</td><td>digáis</td></tr><tr><td>diga</td><td>digan</td></tr></table>
      ]]>
    </prsntsbj>
    <notes regular = "false">
      <![CDATA[<p>Irregular in the future and conditional - stem - dir-</p>
      ]]>
    </notes>
  </verb>
  <verb>
    <english><![CDATA[<p>to give</p>]]></english>
    <infntv>
      <![CDATA[dar
      ]]>
    </infntv>
    <prsnt regular = "false">
      <![CDATA[<table><tr><td>doy</td><td>damos</td></tr><tr><td>das</td><td>dais</td></tr><tr><td>da</td><td>dan</td></tr></table>
      ]]>
    </prsnt>
    <imprfct regular = "true">
      <![CDATA[<table><tr><td>daba</td><td>dábamos</td></tr><tr><td>dabas</td><td>dabais</td></tr><tr><td>daba</td><td>daban</td></tr></table>
      ]]>
    </imprfct>
    <prtrt regular = "false">
      <![CDATA[<table><tr><td>di</td><td>dimos</td></tr><tr><td>diste</td><td>disteis</td></tr><tr><td>dio</td><td>dieron</td></tr></table>
      ]]>
    </prtrt>
    <pstprtcpl regular = "true">
      <![CDATA[<p>dado</p>
      ]]>
    </pstprtcpl>
    <grnd regular = "true">
      <![CDATA[<p>dando</p>
      ]]>
    </grnd>
    <imprtv regular = "true">
      <![CDATA[<p>(tu) da (vosotros) dad</p>
      ]]>
    </imprtv>
    <prsntsbj regular = "false">
      <![CDATA[<table><tr><td>dé</td><td>demos</td></tr><tr><td>des</td><td>deis</td></tr><tr><td>dé</td><td>den</td></tr></table>
      ]]>
    </prsntsbj>
    <notes regular = "true">
      <![CDATA[<p>n/a</p>
      ]]>
    </notes>
  </verb>
  <verb>
    <english><![CDATA[<p>to eat</p>]]></english>
    <infntv>
      <![CDATA[comer
      ]]>
    </infntv>
    <prsnt regular = "true">
      <![CDATA[<table><tr><td>como</td><td>comemos</td></tr><tr><td>comes</td><td>coméis</td></tr><tr><td>come</td><td>comen</td></tr></table>
      ]]>
    </prsnt>
    <imprfct regular = "true">
      <![CDATA[<table><tr><td>comía</td><td>comíamos</td></tr><tr><td>comías</td><td>comíais</td></tr><tr><td>comía</td><td>comían</td></tr></table>
      ]]>
    </imprfct>
    <prtrt regular = "true">
      <![CDATA[<table><tr><td>comí</td><td>comimos</td></tr><tr><td>comiste</td><td>comisteis</td></tr><tr><td>comió</td><td>comieron</td></tr></table>
      ]]>
    </prtrt>
    <pstprtcpl regular = "true">
      <![CDATA[<p>comido</p>
      ]]>
    </pstprtcpl>
    <grnd regular = "true">
      <![CDATA[<p>comiendo</p>
      ]]>
    </grnd>
    <imprtv regular = "true">
      <![CDATA[<p>(tu) come (vosotros) comed</p>
      ]]>
    </imprtv>
    <prsntsbj regular = "true">
      <![CDATA[<table><tr><td>coma</td><td>comamos</td></tr><tr><td>comas</td><td>comáis</td></tr><tr><td>coma</td><td>coman</td></tr></table>
      ]]>
    </prsntsbj>
    <notes regular = "true">
      <![CDATA[<p>Completely regular verb</p>
      ]]>
    </notes>
  </verb>
  <verb>
    <english><![CDATA[<p>to fit in</p>]]></english>
    <infntv>
      <![CDATA[caber
      ]]>
    </infntv>
    <prsnt regular = "false">
      <![CDATA[<table><tr><td>quepo</td><td>cabemos</td></tr><tr><td>cabes</td><td>cabéis</td></tr><tr><td>cabe</td><td>caben</td></tr></table>
      ]]>
    </prsnt>
    <imprfct regular = "true">
      <![CDATA[<table><tr><td>cabía</td><td>cabíamos</td></tr><tr><td>cabías</td><td>cabíais</td></tr><tr><td>cabía</td><td>cabían</td></tr></table>
      ]]>
    </imprfct>
    <prtrt regular = "false">
      <![CDATA[<table><tr><td>cupe</td><td>cupimos</td></tr><tr><td>cupiste</td><td>cupisteis</td></tr><tr><td>cupo</td><td>cupieron</td></tr></table>
      ]]>
    </prtrt>
    <pstprtcpl regular = "true">
      <![CDATA[<p>cabido</p>
      ]]>
    </pstprtcpl>
    <grnd regular = "true">
      <![CDATA[<p>cabiendo</p>
      ]]>
    </grnd>
    <imprtv regular = "true">
      <![CDATA[<p>cabe cabed</p>
      ]]>
    </imprtv>
    <prsntsbj regular = "false">
      <![CDATA[<table><tr><td>quepa</td><td>quepamos</td></tr><tr><td>quepas</td><td>quepáis</td></tr><tr><td>quepa</td><td>quepan</td></tr></table>
      ]]>
    </prsntsbj>
    <notes regular = "false">
      <![CDATA[<p>Irregular in the future and conditional - stem - cabr-</p>
      ]]>
    </notes>
  </verb>
</root>