﻿<?xml version="1.0" encoding="utf-8"?>
<root>
  <c>
    <f><![CDATA[Present tense of "to give"<br/><br/><br/>]]></f>
    <b><![CDATA[<table><tr><td>doy</td><td>damos</td></tr><tr><td>das</td><td>dais</td></tr><tr><td>da</td><td>dan</td></tr></table>]]></b>
  </c>
  <c>
    <f><![CDATA[Preterite of "to give" (I gave, you gave, etc.)]]></f>
    <b><![CDATA[<table><tr><td>di</td><td>dimos</td></tr><tr><td>diste</td><td>disteis</td></tr><tr><td>dio</td><td>dieron</td></tr></table>]]></b>
  </c>
  <c>
    <f><![CDATA[Imperfect tense of "to give" (I used to give, he was giving)]]></f>
    <b><![CDATA[<table><tr><td>daba</td><td>dábamos</td></tr><tr><td>dabas</td><td>dabais</td></tr><tr><td>daba</td><td>daban</td></tr></table>]]></b>
  </c>
  <c>
    <f><![CDATA[Future tense of "to give"]]></f>
    <b><![CDATA[<table><tr><td>daré</td><td>daremos</td></tr><tr><td>darás</td><td>daréis</td></tr><tr><td>dará</td><td>darán</td></tr></table>]]></b>
  </c>
  <c>
    <f><![CDATA[Past participle of "to give" (given)]]></f>
    <b><![CDATA[dado]]></b>
  </c>
  <c>
    <f><![CDATA[Gerund of "to give" (giving)]]></f>
    <b><![CDATA[dando]]></b>
  </c>
  <c>
    <f><![CDATA[Present subjunctive of "to give"]]></f>
    <b><![CDATA[<table><tr><td>dé</td><td>demos</td></tr><tr><td>des</td><td>deis</td></tr><tr><td>dé</td><td>den</td></tr></table>]]></b>
  </c>
  <c>
    <f><![CDATA[Conditional of "to give" (I would give)]]></f>
    <b><![CDATA[<table><tr><td>daría</td><td>daríamos</td></tr><tr><td>darías</td><td>daríais</td></tr><tr><td>daría</td><td>darían</td></tr></table>]]></b>
  </c>
</root>