﻿<?xml version="1.0" encoding="utf-8"?>
<root>
  <c>
    <f><![CDATA[Present tense of "to say"]]></f>
    <b><![CDATA[<table><tr><td>digo</td><td>decimos</td></tr><tr><td>dices</td><td>decís</td></tr><tr><td>dice</td><td>dicen</td></tr></table>]]></b>
  </c>
  <c>
    <f><![CDATA[Preterite of "to say" (I said, you said, etc.)]]></f>
    <b><![CDATA[<table><tr><td>dije</td><td>dijimos</td></tr><tr><td>dijiste</td><td>dijisteis</td></tr><tr><td>dijo</td><td>dijeron</td></tr></table>]]></b>
  </c>
  <c>
    <f><![CDATA[Imperfect tense of "to say" (I used to say, he was saying)]]></f>
    <b><![CDATA[<table><tr><td>decía</td><td>decíamos</td></tr><tr><td>decías</td><td>decíais</td></tr><tr><td>decía</td><td>decían</td></tr></table>]]></b>
  </c>
  <c>
    <f><![CDATA[Future tense of "to say"]]></f>
    <b><![CDATA[<table><tr><td>diré</td><td>diremos</td></tr><tr><td>dirás</td><td>diréis</td></tr><tr><td>dirá</td><td>dirán</td></tr></table>]]></b>
  </c>
  <c>
    <f><![CDATA[Past participle of "to say" (said)]]></f>
    <b><![CDATA[dicho]]></b>
  </c>
  <c>
    <f><![CDATA[Gerund of "to say" (saying)]]></f>
    <b><![CDATA[diciendo]]></b>
  </c>
  <c>
    <f><![CDATA[Present subjunctive of "to say"]]></f>
    <b><![CDATA[<table><tr><td>diga</td><td>digamos</td></tr><tr><td>digas</td><td>digáis</td></tr><tr><td>diga</td><td>digan</td></tr></table>]]></b>
  </c>
  <c>
    <f><![CDATA[Conditional of "to say" (I would say)]]></f>
    <b><![CDATA[<table><tr><td>diría</td><td>diríamos</td></tr><tr><td>dirías</td><td>diríais</td></tr><tr><td>diría</td><td>dirían</td></tr></table>]]></b>
  </c>
  <c>
    <f><![CDATA[Imperative of "to say" (say!)]]></f>
    <b><![CDATA[(tu) di (vosotros) decid]]></b>
  </c>
</root>