﻿<?xml version="1.0" encoding="utf-8"?>
<root>
  <c>
    <f><![CDATA[Present tense of "to do, make"]]></f>
    <b><![CDATA[<table><tr><td>hago</td><td>hacemos</td></tr><tr><td>haces</td><td>hacéis</td></tr><tr><td>hace</td><td>hacen</td></tr></table>]]></b>
  </c>
  <c>
    <f><![CDATA[Preterite of "to do, make" (I did, you made, etc.)]]></f>
    <b><![CDATA[<table><tr><td>hice</td><td>hicimos</td></tr><tr><td>hiciste</td><td>hicisteis</td></tr><tr><td>hizo</td><td>hicieron</td></tr></table>]]></b>
  </c>
  <c>
    <f><![CDATA[Imperfect tense of "to do, make" (I used to do, make, he was doing, making)]]></f>
    <b><![CDATA[<table><tr><td>hacía</td><td>hacíamos</td></tr><tr><td>hacías</td><td>hacíais</td></tr><tr><td>hacía</td><td>hacían</td></tr></table>]]></b>
  </c>
  <c>
    <f><![CDATA[Future tense of "to do, make"]]></f>
    <b><![CDATA[<table><tr><td>haré</td><td>haremos</td></tr><tr><td>harás</td><td>haréis</td></tr><tr><td>hará</td><td>harán</td></tr></table>]]></b>
  </c>
  <c>
    <f><![CDATA[Past participle of "to do, make" (made)]]></f>
    <b><![CDATA[hecho]]></b>
  </c>
  <c>
    <f><![CDATA[Gerund of "to do, make" (doing, making)]]></f>
    <b><![CDATA[haciendo]]></b>
  </c>
  <c>
    <f><![CDATA[Present subjunctive of "to do, make"]]></f>
    <b><![CDATA[<table><tr><td>haga</td><td>hagamos</td></tr><tr><td>hagas</td><td>hagáis</td></tr><tr><td>haga</td><td>hagan</td></tr></table>]]></b>
  </c>
  <c>
    <f><![CDATA[Conditional of "to do, make" (I would do, make)]]></f>
    <b><![CDATA[<table><tr><td>haría</td><td>haríamos</td></tr><tr><td>harías</td><td>haríais</td></tr><tr><td>haría</td><td>harían</td></tr></table>]]></b>
  </c>
  <c>
    <f><![CDATA[Imperative of "to do, make" (do! make!)]]></f>
    <b><![CDATA[(tu) haz (vosotros) haced]]></b>
  </c>
</root>