﻿<?xml version="1.0" encoding="utf-8"?>
<root>
  <c>
    <f><![CDATA[Present tense of "to put"]]></f>
    <b><![CDATA[<table><tr><td>pongo</td><td>ponemos</td></tr><tr><td>pones</td><td>ponéis</td></tr><tr><td>pone</td><td>ponen</td></tr></table>]]></b>
  </c>
  <c>
    <f><![CDATA[Preterite of "to put" (I put, you put, etc.)]]></f>
    <b><![CDATA[<table><tr><td>puse</td><td>pusimos</td></tr><tr><td>pusiste</td><td>pusisteis</td></tr><tr><td>puso</td><td>pusieron</td></tr></table>]]></b>
  </c>
  <c>
    <f><![CDATA[Imperfect tense of "to put" (I used to put, he was putting)]]></f>
    <b><![CDATA[<table><tr><td>ponía</td><td>poníamos</td></tr><tr><td>ponías</td><td>poníais</td></tr><tr><td>ponía</td><td>ponían</td></tr></table>]]></b>
  </c>
  <c>
    <f><![CDATA[Future tense of "to put"]]></f>
    <b><![CDATA[<table><tr><td>pondré</td><td>pondremos</td></tr><tr><td>pondrás</td><td>pondréis</td></tr><tr><td>pondrá</td><td>pondrán</td></tr></table>]]></b>
  </c>
  <c>
    <f><![CDATA[Past participle of "to put" (ate)]]></f>
    <b><![CDATA[puesto]]></b>
  </c>
  <c>
    <f><![CDATA[Gerund of "to put" (putting)]]></f>
    <b><![CDATA[poniendo]]></b>
  </c>
  <c>
    <f><![CDATA[Present subjunctive of "to put"]]></f>
    <b><![CDATA[<table><tr><td>ponga</td><td>pongamos</td></tr><tr><td>pongas</td><td>pongáis</td></tr><tr><td>ponga</td><td>pongan</td></tr></table>]]></b>
  </c>
  <c>
    <f><![CDATA[Conditional of "to put" (I would put)]]></f>
    <b><![CDATA[<table><tr><td>pondría</td><td>pondríamos</td></tr><tr><td>pondrías</td><td>pondríais</td></tr><tr><td>pondría</td><td>pondrían</td></tr></table>]]></b>
  </c>
  <c>
    <f><![CDATA[Imperative of "to put" (put!)]]></f>
    <b><![CDATA[(tu) pon (vosotros) poned]]></b>
  </c>
</root>