﻿<?xml version="1.0" encoding="utf-8"?>
<root>
  <c>
    <f><![CDATA[Present tense of "to want"]]></f>
    <b><![CDATA[<table><tr><td>quiero</td><td>queremos</td></tr><tr><td>quieres</td><td>queréis</td></tr><tr><td>quiere</td><td>quieren</td></tr></table>]]></b>
  </c>
  <c>
    <f><![CDATA[Preterite of "to want" (I wanted, you wanted, etc.)]]></f>
    <b><![CDATA[<table><tr><td>quise</td><td>quisimos</td></tr><tr><td>quisiste</td><td>quisisteis</td></tr><tr><td>quiso</td><td>quisieron</td></tr></table>]]></b>
  </c>
  <c>
    <f><![CDATA[Imperfect tense of "to want" (I used to want, he was wanting)]]></f>
    <b><![CDATA[<table><tr><td>quería</td><td>queríamos</td></tr><tr><td>querías</td><td>queríais</td></tr><tr><td>quería</td><td>querían</td></tr></table>]]></b>
  </c>
  <c>
    <f><![CDATA[Future tense of "to want"]]></f>
    <b><![CDATA[<table><tr><td>querré</td><td>querremos</td></tr><tr><td>querrás</td><td>querréis</td></tr><tr><td>querrá</td><td>querrán</td></tr></table>]]></b>
  </c>
  <c>
    <f><![CDATA[Past participle of "to want" ]]></f>
    <b><![CDATA[querido]]></b>
  </c>
  <c>
    <f><![CDATA[Gerund of "to want" (wanting)]]></f>
    <b><![CDATA[queriendo]]></b>
  </c>
  <c>
    <f><![CDATA[Present subjunctive of "to want"]]></f>
    <b><![CDATA[<table><tr><td>quiera</td><td>queramos</td></tr><tr><td>quieras</td><td>queráis</td></tr><tr><td>quiera</td><td>quieran</td></tr></table>]]></b>
  </c>
  <c>
    <f><![CDATA[Conditional of "to want" (I would want)]]></f>
    <b><![CDATA[<table><tr><td>querría</td><td>querríamos</td></tr><tr><td>querrías</td><td>querríais</td></tr><tr><td>querría</td><td>querrían</td></tr></table>]]></b>
  </c>
  <c>
    <f><![CDATA[Imperative of "to want" (speak!)]]></f>
    <b><![CDATA[(tu) quiere (vosotros) quered]]></b>
  </c>
</root>