﻿<?xml version="1.0" encoding="utf-8"?>
<root>
  <c>
    <f><![CDATA[Present tense of "to speak"]]></f>
    <b><![CDATA[<table><tr><td>hablo</td><td>hablamos</td></tr><tr><td>hablas</td><td>habláis</td></tr><tr><td>habla</td><td>hablan</td></tr></table>

]]></b>
  </c>
  <c>
    <f><![CDATA[Preterite of "to speak" (I spoke, you spoke, etc.)]]></f>
    <b><![CDATA[<table><tr><td>hablé</td><td>hablamos</td></tr><tr><td>hablaste</td><td>hablasteis</td></tr><tr><td>habló</td><td>hablaron</td></tr></table>
]]></b>
  </c>
  <c>
    <f><![CDATA[Imperfect tense of "to speak" (I used to speak, he was speaking)]]></f>
    <b><![CDATA[<table><tr><td>hablaba</td><td>hablábamos</td></tr><tr><td>hablabas</td><td>hablabais</td></tr><tr><td>hablaba</td><td>hablaban</td></tr></table>]]></b>
  </c>
  <c>
    <f><![CDATA[Future tense of "to speak"]]></f>
    <b><![CDATA[<table><tr><td>hablaré</td><td>hablaremos</td></tr><tr><td>hablarás</td><td>hablaréis</td></tr><tr><td>hablará</td><td>hablarán</td></tr></table>]]></b>
  </c>
  <c>
    <f><![CDATA[Past participle of "to speak" (spoke/spoken)]]></f>
    <b><![CDATA[hablado]]></b>
  </c>
  <c>
    <f><![CDATA[Gerund of "to speak" (speaking)]]></f>
    <b><![CDATA[hablando]]></b>
  </c>
  <c>
    <f><![CDATA[Present subjunctive of "to speak"]]></f>
    <b><![CDATA[<table><tr><td>hable</td><td>hablemos</td></tr><tr><td>hables</td><td>habléis</td></tr><tr><td>hable</td><td>hablen</td></tr></table>]]></b>
  </c>
  <c>
    <f><![CDATA[Conditional of "to speak" (I would speak)]]></f>
    <b><![CDATA[<table><tr><td>hablaría</td><td>hablaríamos</td></tr><tr><td>hablarías</td><td>hablaríais</td></tr><tr><td>hablaría</td><td>hablarían</td></tr></table>]]></b>
  </c>
  <c>
    <f><![CDATA[Imperative of "to speak" (speak!)]]></f>
    <b><![CDATA[(tu) habla (vosotros) hablad]]></b>
  </c>
</root>