﻿<?xml version="1.0" encoding="utf-8"?>
<root>
  <c>
    <f><![CDATA[Present tense of "to know"]]></f>
    <b><![CDATA[<table><tr><td>sé</td><td>sabemos</td></tr><tr><td>sabes</td><td>sabéis</td></tr><tr><td>sabe</td><td>saben</td></tr></table>]]></b>
  </c>
  <c>
    <f><![CDATA[Preterite of "to know" (I knew, you knew, etc.)]]></f>
    <b><![CDATA[<table><tr><td>supe</td><td>supimos</td></tr><tr><td>supiste</td><td>supisteis</td></tr><tr><td>supo</td><td>supieron</td></tr></table>]]></b>
  </c>
  <c>
    <f><![CDATA[Imperfect tense of "to know" (I used to know, he knew)]]></f>
    <b><![CDATA[<table><tr><td>sabía</td><td>sabíamos</td></tr><tr><td>sabías</td><td>sabíais</td></tr><tr><td>sabía</td><td>sabían</td></tr></table>]]></b>
  </c>
  <c>
    <f><![CDATA[Future tense of "to know"]]></f>
    <b><![CDATA[<table><tr><td>sabré</td><td>sabremos</td></tr><tr><td>sabrás</td><td>sabréis</td></tr><tr><td>sabrá</td><td>sabrán</td></tr></table>]]></b>
  </c>
  <c>
    <f><![CDATA[Past participle of "to know" (knew)]]></f>
    <b><![CDATA[sabido]]></b>
  </c>
  <c>
    <f><![CDATA[Gerund of "to know" (knowing)]]></f>
    <b><![CDATA[sabiendo]]></b>
  </c>
  <c>
    <f><![CDATA[Present subjunctive of "to know"]]></f>
    <b><![CDATA[<table><tr><td>sepa</td><td>sepamos</td></tr><tr><td>sepas</td><td>sepáis</td></tr><tr><td>sepa</td><td>sepan</td></tr></table>]]></b>
  </c>
  <c>
    <f><![CDATA[Conditional of "to know" (I would know)]]></f>
    <b><![CDATA[<table><tr><td>sabría</td><td>sabríamos</td></tr><tr><td>sabrías</td><td>sabríais</td></tr><tr><td>sabría</td><td>sabrían</td></tr></table>]]></b>
  </c>
  <c>
    <f><![CDATA[Imperative of "to know" (know!)]]></f>
    <b><![CDATA[(tu) sabe (vosotros) sabed]]></b>
  </c>
</root>