<?xml version="1.0" encoding="utf-8"?>
<root>
<c>
<f><![CDATA[classroom]]></f>
<b><![CDATA[la aula]]></b>
</c><c>
<f><![CDATA[canteen, dining area]]></f>
<b><![CDATA[la cantina]]></b>
</c><c>
<f><![CDATA[mixed school]]></f>
<b><![CDATA[el colegio mixto]]></b>
</c><c>
<f><![CDATA[technical school]]></f>
<b><![CDATA[colegio técnico]]></b>
</c><c>
<f><![CDATA[primary school]]></f>
<b><![CDATA[la escuela]]></b>
</c><c>
<f><![CDATA[gym]]></f>
<b><![CDATA[el gimnasio]]></b>
</c><c>
<f><![CDATA[school]]></f>
<b><![CDATA[el instituto]]></b>
</c><c>
<f><![CDATA[school]]></f>
<b><![CDATA[el laboratorio]]></b>
</c><c>
<f><![CDATA[corridor]]></f>
<b><![CDATA[el pasillo]]></b>
</c><c>
<f><![CDATA[playground]]></f>
<b><![CDATA[el patio de recreo]]></b>
</c><c>
<f><![CDATA[classroom]]></f>
<b><![CDATA[la sala de clase]]></b>
</c><c>
<f><![CDATA[music room]]></f>
<b><![CDATA[la sala de música]]></b>
</c><c>
<f><![CDATA[staff room]]></f>
<b><![CDATA[la sala de profesores]]></b>
</c><c>
<f><![CDATA[pen]]></f>
<b><![CDATA[el bolígrafo]]></b>
</c><c>
<f><![CDATA[calculator]]></f>
<b><![CDATA[la calculadora]]></b>
</c><c>
<f><![CDATA[exercise book]]></f>
<b><![CDATA[el cuaderno]]></b>
</c><c>
<f><![CDATA[photocopier]]></f>
<b><![CDATA[la fotocopiadora]]></b>
</c><c>
<f><![CDATA[rubber]]></f>
<b><![CDATA[la goma]]></b>
</c><c>
<f><![CDATA[sheet of paper]]></f>
<b><![CDATA[la hoja de papel]]></b>
</c><c>
<f><![CDATA[pencil]]></f>
<b><![CDATA[el lápiz]]></b>
</c><c>
<f><![CDATA[book]]></f>
<b><![CDATA[el libro]]></b>
</c><c>
<f><![CDATA[textbook]]></f>
<b><![CDATA[el libro de texto]]></b>
</c><c>
<f><![CDATA[computer]]></f>
<b><![CDATA[el ordenador]]></b>
</c><c>
<f><![CDATA[ruler]]></f>
<b><![CDATA[la regla]]></b>
</c><c>
<f><![CDATA[pencil sharpener]]></f>
<b><![CDATA[el sacapuntas]]></b>
</c><c>
<f><![CDATA[pupil]]></f>
<b><![CDATA[el alumno]]></b>
</c><c>
<f><![CDATA[headteacher]]></f>
<b><![CDATA[el director]]></b>
</c><c>
<f><![CDATA[student]]></f>
<b><![CDATA[el estudiante]]></b>
</c><c>
<f><![CDATA[teacher]]></f>
<b><![CDATA[el profesor]]></b>
</c><c>
<f><![CDATA[to be bored]]></f>
<b><![CDATA[aburrirse]]></b>
</c><c>
<f><![CDATA[to have just]]></f>
<b><![CDATA[acabar de]]></b>
</c><c>
<f><![CDATA[to learn]]></f>
<b><![CDATA[aprender]]></b>
</c><c>
<f><![CDATA[to pass (an exam)]]></f>
<b><![CDATA[aprobar]]></b>
</c><c>
<f><![CDATA[to sort out]]></f>
<b><![CDATA[arreglar]]></b>
</c><c>
<f><![CDATA[to begin]]></f>
<b><![CDATA[comenzar]]></b>
</c><c>
<f><![CDATA[to understand]]></f>
<b><![CDATA[comprender]]></b>
</c><c>
<f><![CDATA[to copy]]></f>
<b><![CDATA[copiar]]></b>
</c><c>
<f><![CDATA[to correct]]></f>
<b><![CDATA[corregir]]></b>
</c><c>
<f><![CDATA[to have to]]></f>
<b><![CDATA[deber]]></b>
</c><c>
<f><![CDATA[to leave school]]></f>
<b><![CDATA[dejar el colegio]]></b>
</c><c>
<f><![CDATA[to spell]]></f>
<b><![CDATA[deletrear]]></b>
</c><c>
<f><![CDATA[to draw]]></f>
<b><![CDATA[dibujar]]></b>
</c><c>
<f><![CDATA[to begin]]></f>
<b><![CDATA[empezar]]></b>
</c><c>
<f><![CDATA[to teach]]></f>
<b><![CDATA[enseñar]]></b>
</c><c>
<f><![CDATA[to understand]]></f>
<b><![CDATA[entender]]></b>
</c><c>
<f><![CDATA[to choose]]></f>
<b><![CDATA[escoger]]></b>
</c><c>
<f><![CDATA[to listen]]></f>
<b><![CDATA[escuchar]]></b>
</c><c>
<f><![CDATA[to study]]></f>
<b><![CDATA[estudiar]]></b>
</c><c>
<f><![CDATA[to explain]]></f>
<b><![CDATA[explicar]]></b>
</c><c>
<f><![CDATA[to fail]]></f>
<b><![CDATA[fracasar]]></b>
</c><c>
<f><![CDATA[to worry]]></f>
<b><![CDATA[inquietarse]]></b>
</c><c>
<f><![CDATA[to be interested in]]></f>
<b><![CDATA[interesarse por]]></b>
</c><c>
<f><![CDATA[to raise one's hand]]></f>
<b><![CDATA[levantar la mano]]></b>
</c><c>
<f><![CDATA[to need]]></f>
<b><![CDATA[necesitar]]></b>
</c><c>
<f><![CDATA[to offer]]></f>
<b><![CDATA[ofrecer]]></b>
</c><c>
<f><![CDATA[to forget]]></f>
<b><![CDATA[olvidarse de]]></b>
</c><c>
<f><![CDATA[to organise]]></f>
<b><![CDATA[organizar]]></b>
</c><c>
<f><![CDATA[to call the register]]></f>
<b><![CDATA[pasar lista]]></b>
</c><c>
<f><![CDATA[to allow]]></f>
<b><![CDATA[permitir]]></b>
</c><c>
<f><![CDATA[to ask]]></f>
<b><![CDATA[preguntar]]></b>
</c><c>
<f><![CDATA[to worry]]></f>
<b><![CDATA[preocuparse]]></b>
</c><c>
<f><![CDATA[to prepare]]></f>
<b><![CDATA[preparar]]></b>
</c><c>
<f><![CDATA[to mean]]></f>
<b><![CDATA[querer decir]]></b>
</c><c>
<f><![CDATA[to revise]]></f>
<b><![CDATA[repasar]]></b>
</c><c>
<f><![CDATA[to repeat]]></f>
<b><![CDATA[repetir]]></b>
</c><c>
<f><![CDATA[to answer]]></f>
<b><![CDATA[responder]]></b>
</c><c>
<f><![CDATA[to get good marks]]></f>
<b><![CDATA[sacar buenas notas]]></b>
</c><c>
<f><![CDATA[to get bad marks]]></f>
<b><![CDATA[sacar malas notas]]></b>
</c><c>
<f><![CDATA[to mean]]></f>
<b><![CDATA[significar]]></b>
</c><c>
<f><![CDATA[to fail (an exam)]]></f>
<b><![CDATA[suspender]]></b>
</c><c>
<f><![CDATA[to finish]]></f>
<b><![CDATA[terminar]]></b>
</c><c>
<f><![CDATA[to translate]]></f>
<b><![CDATA[traducir]]></b>
</c><c>
<f><![CDATA[subject]]></f>
<b><![CDATA[la asignatura]]></b>
</c><c>
<f><![CDATA[attention]]></f>
<b><![CDATA[la atención]]></b>
</c><c>
<f><![CDATA[A-Level]]></f>
<b><![CDATA[el bachillerato]]></b>
</c><c>
<f><![CDATA[box]]></f>
<b><![CDATA[la casilla]]></b>
</c><c>
<f><![CDATA[class]]></f>
<b><![CDATA[la clase]]></b>
</c><c>
<f><![CDATA[school]]></f>
<b><![CDATA[el colegio]]></b>
</c><c>
<f><![CDATA[answer]]></f>
<b><![CDATA[la contestación]]></b>
</c><c>
<f><![CDATA[course]]></f>
<b><![CDATA[el curso]]></b>
</c><c>
<f><![CDATA[homework]]></f>
<b><![CDATA[los deberes]]></b>
</c><c>
<f><![CDATA[drawing]]></f>
<b><![CDATA[el dibujo]]></b>
</c><c>
<f><![CDATA[dictionary]]></f>
<b><![CDATA[el diccionario]]></b>
</c><c>
<f><![CDATA[example]]></f>
<b><![CDATA[el ejemplo]]></b>
</c><c>
<f><![CDATA[exercise]]></f>
<b><![CDATA[el ejercicio]]></b>
</c><c>
<f><![CDATA[mistake]]></f>
<b><![CDATA[el error]]></b>
</c><c>
<f><![CDATA[studies]]></f>
<b><![CDATA[los estudios]]></b>
</c><c>
<f><![CDATA[exam]]></f>
<b><![CDATA[el examen]]></b>
</c><c>
<f><![CDATA[sentence]]></f>
<b><![CDATA[la frase]]></b>
</c><c>
<f><![CDATA[grammar]]></f>
<b><![CDATA[la gramática]]></b>
</c><c>
<f><![CDATA[to ask questíons]]></f>
<b><![CDATA[hacer preguntas]]></b>
</c><c>
<f><![CDATA[school exchange]]></f>
<b><![CDATA[el intercambio]]></b>
</c><c>
<f><![CDATA[boarder]]></f>
<b><![CDATA[el/la internoja]]></b>
</c><c>
<f><![CDATA[lesson]]></f>
<b><![CDATA[la lección]]></b>
</c><c>
<f><![CDATA[letter (of the alphabet)]]></f>
<b><![CDATA[la letra]]></b>
</c><c>
<f><![CDATA[mark]]></f>
<b><![CDATA[la nota]]></b>
</c><c>
<f><![CDATA[number]]></f>
<b><![CDATA[el número]]></b>
</c><c>
<f><![CDATA[page]]></f>
<b><![CDATA[la página]]></b>
</c><c>
<f><![CDATA[word]]></f>
<b><![CDATA[la palabra]]></b>
</c><c>
<f><![CDATA[paper]]></f>
<b><![CDATA[el papel]]></b>
</c><c>
<f><![CDATA[permission]]></f>
<b><![CDATA[el permiso]]></b>
</c><c>
<f><![CDATA[blackboard]]></f>
<b><![CDATA[la pizarra]]></b>
</c><c>
<f><![CDATA[question]]></f>
<b><![CDATA[la pregunta]]></b>
</c><c>
<f><![CDATA[progress]]></f>
<b><![CDATA[el progreso]]></b>
</c><c>
<f><![CDATA[test]]></f>
<b><![CDATA[la prueba]]></b>
</c><c>
<f><![CDATA[desk]]></f>
<b><![CDATA[el pupitre]]></b>
</c><c>
<f><![CDATA[break]]></f>
<b><![CDATA[el recreo]]></b>
</c><c>
<f><![CDATA[answer]]></f>
<b><![CDATA[la respuesta]]></b>
</c><c>
<f><![CDATA[homework]]></f>
<b><![CDATA[la tarea]]></b>
</c><c>
<f><![CDATA[bell]]></f>
<b><![CDATA[el timbre]]></b>
</c><c>
<f><![CDATA[term]]></f>
<b><![CDATA[el trimestre]]></b>
</c><c>
<f><![CDATA[uniform]]></f>
<b><![CDATA[el uniforme]]></b>
</c><c>
<f><![CDATA[vocabulary]]></f>
<b><![CDATA[el vocabulario]]></b>
</c><c>
<f><![CDATA[German]]></f>
<b><![CDATA[el alemán]]></b>
</c><c>
<f><![CDATA[art]]></f>
<b><![CDATA[el arte]]></b>
</c><c>
<f><![CDATA[biology]]></f>
<b><![CDATA[la biología]]></b>
</c><c>
<f><![CDATA[Spanish (language)]]></f>
<b><![CDATA[el castellano]]></b>
</c><c>
<f><![CDATA[sciences]]></f>
<b><![CDATA[las ciencias]]></b>
</c><c>
<f><![CDATA[drama]]></f>
<b><![CDATA[el drama]]></b>
</c><c>
<f><![CDATA[economics]]></f>
<b><![CDATA[la economía]]></b>
</c><c>
<f><![CDATA[PE]]></f>
<b><![CDATA[la educación física]]></b>
</c><c>
<f><![CDATA[Spanish]]></f>
<b><![CDATA[el español]]></b>
</c><c>
<f><![CDATA[physics]]></f>
<b><![CDATA[la física]]></b>
</c><c>
<f><![CDATA[French]]></f>
<b><![CDATA[el francés]]></b>
</c><c>
<f><![CDATA[geography]]></f>
<b><![CDATA[la geografía]]></b>
</c><c>
<f><![CDATA[gym]]></f>
<b><![CDATA[la gimnasia]]></b>
</c><c>
<f><![CDATA[history]]></f>
<b><![CDATA[la historia]]></b>
</c><c>
<f><![CDATA[languages]]></f>
<b><![CDATA[los idiomas]]></b>
</c><c>
<f><![CDATA[IT]]></f>
<b><![CDATA[la informática]]></b>
</c><c>
<f><![CDATA[English]]></f>
<b><![CDATA[el inglés]]></b>
</c><c>
<f><![CDATA[literature]]></f>
<b><![CDATA[la literatura]]></b>
</c><c>
<f><![CDATA[maths]]></f>
<b><![CDATA[las matemáticas]]></b>
</c><c>
<f><![CDATA[music]]></f>
<b><![CDATA[la música]]></b>
</c><c>
<f><![CDATA[chemistry]]></f>
<b><![CDATA[la química]]></b>
</c><c>
<f><![CDATA[technology]]></f>
<b><![CDATA[la tecnología]]></b>
</c><c>
<f><![CDATA[CDT]]></f>
<b><![CDATA[los trabajos manuales]]></b>
</c><c>
<f><![CDATA[bored]]></f>
<b><![CDATA[aburrido]]></b>
</c><c>
<f><![CDATA[old, former]]></f>
<b><![CDATA[antiguo]]></b>
</c><c>
<f><![CDATA[absent]]></f>
<b><![CDATA[ausente]]></b>
</c><c>
<f><![CDATA[easy]]></f>
<b><![CDATA[fácil]]></b>
</c><c>
<f><![CDATA[holiday]]></f>
<b><![CDATA[festivo]]></b>
</c><c>
<f><![CDATA[íncorrect]]></f>
<b><![CDATA[incorrecto]]></b>
</c><c>
<f><![CDATA[unjust]]></f>
<b><![CDATA[injusto]]></b>
</c><c>
<f><![CDATA[mixed]]></f>
<b><![CDATA[mixto]]></b>
</c><c>
<f><![CDATA[modern]]></f>
<b><![CDATA[moderno]]></b>
</c><c>
<f><![CDATA[private]]></f>
<b><![CDATA[particular]]></b>
</c><c>
<f><![CDATA[poor]]></f>
<b><![CDATA[pobre]]></b>
</c><c>
<f><![CDATA[possible]]></f>
<b><![CDATA[posible]]></b>
</c><c>
<f><![CDATA[present]]></f>
<b><![CDATA[presente]]></b>
</c><c>
<f><![CDATA[probable]]></f>
<b><![CDATA[probable]]></b>
</c><c>
<f><![CDATA[severe]]></f>
<b><![CDATA[severo]]></b>
</c></root>