﻿<?xml version="1.0" encoding="utf-8"?>
<root>
  <c>
    <f><![CDATA[Present tense of "to live"]]></f>
    <b><![CDATA[<table><tr><td>vivo</td><td>vivimos</td></tr><tr><td>vives</td><td>vivís</td></tr><tr><td>vive</td><td>viven</td></tr></table>]]></b>
  </c>
  <c>
    <f><![CDATA[Preterite of "to live" (I lived, you lived, etc.)]]></f>
    <b><![CDATA[<table><tr><td>viví</td><td>vivimos</td></tr><tr><td>viviste</td><td>vivisteis</td></tr><tr><td>vivió</td><td>vivieron</td></tr></table>]]></b>
  </c>
  <c>
    <f><![CDATA[Imperfect tense of "to live" (I used to live, he was living)]]></f>
    <b><![CDATA[<table><tr><td>vivía</td><td>vivíamos</td></tr><tr><td>vivías</td><td>vivíais</td></tr><tr><td>vivía</td><td>vivían</td></tr></table>]]></b>
  </c>
  <c>
    <f><![CDATA[Future tense of "to live"]]></f>
    <b><![CDATA[<table><tr><td>viviré</td><td>viviremos</td></tr><tr><td>vivirás</td><td>viviréis</td></tr><tr><td>vivirá</td><td>vivirán</td></tr></table>]]></b>
  </c>
  <c>
    <f><![CDATA[Past participle of "to live" (ate)]]></f>
    <b><![CDATA[vivido]]></b>
  </c>
  <c>
    <f><![CDATA[Gerund of "to live" (liveing)]]></f>
    <b><![CDATA[viviendo]]></b>
  </c>
  <c>
    <f><![CDATA[Present subjunctive of "to live"]]></f>
    <b><![CDATA[<table><tr><td>viva</td><td>vivamos</td></tr><tr><td>vivas</td><td>viváis</td></tr><tr><td>viva</td><td>vivan</td></tr></table>]]></b>
  </c>
  <c>
    <f><![CDATA[Conditional of "to live" (I would live)]]></f>
    <b><![CDATA[<table><tr><td>viviría</td><td>viviríamos</td></tr><tr><td>vivirías</td><td>viviríais</td></tr><tr><td>viviría</td><td>vivirían</td></tr></table>]]></b>
  </c>
  <c>
    <f><![CDATA[Imperative of "to live" (live!)]]></f>
    <b><![CDATA[(tu) vive (vosotros) vivid]]></b>
  </c>
</root>