﻿<?xml version="1.0" encoding="utf-8"?>
<root>
  <c>
    <f><![CDATA[Present tense of "to be"]]></f>
    <b><![CDATA[<table><tr><td>soy</td><td>somos</td></tr><tr><td>eres</td><td>sois</td></tr><tr><td>es</td><td>son</td></tr></table>]]></b>
  </c>
  <c>
    <f><![CDATA[Preterite of "to be" (I am, you are, etc.)]]></f>
    <b><![CDATA[<table><tr><td>fui</td><td>fuimos</td></tr><tr><td>fuiste</td><td>fuisteis</td></tr><tr><td>fue</td><td>fueron</td></tr></table>]]></b>
  </c>
  <c>
    <f><![CDATA[Imperfect tense of "to be" (I used to be, he was)]]></f>
    <b><![CDATA[<table><tr><td>era</td><td>éramos</td></tr><tr><td>eras</td><td>erais</td></tr><tr><td>era</td><td>eran</td></tr></table>]]></b>
  </c>
  <c>
    <f><![CDATA[Future tense of "to be"]]></f>
    <b><![CDATA[<table><tr><td>seré</td><td>seremos</td></tr><tr><td>serás</td><td>seréis</td></tr><tr><td>será</td><td>serán</td></tr></table>]]></b>
  </c>
  <c>
    <f><![CDATA[Past participle of "to be" ]]></f>
    <b><![CDATA[sido]]></b>
  </c>
  <c>
    <f><![CDATA[Gerund of "to be" (being)]]></f>
    <b><![CDATA[siendo]]></b>
  </c>
  <c>
    <f><![CDATA[Present subjunctive of "to be"]]></f>
    <b><![CDATA[<table><tr><td>sea</td><td>seamos</td></tr><tr><td>seas</td><td>seáis</td></tr><tr><td>sea</td><td>sean</td></tr></table>]]></b>
  </c>
  <c>
    <f><![CDATA[Conditional of "to be" (I would be)]]></f>
    <b><![CDATA[<table><tr><td>sería</td><td>seríamos</td></tr><tr><td>serías</td><td>seríais</td></tr><tr><td>sería</td><td>serían</td></tr></table>]]></b>
  </c>
  <c>
    <f><![CDATA[Imperative of "to be" ]]></f>
    <b><![CDATA[(tu) sé (vosotros) sed]]></b>
  </c>
</root>