﻿<?xml version="1.0" encoding="utf-8"?>
<root>
  <c>
    <f><![CDATA[Social problems and solidarity]]></f>
    <b><![CDATA[Problemas sociales y solidaridad]]></b>
  </c>
  <c>
    <f><![CDATA[injustice]]></f>
    <b><![CDATA[la injusticia]]></b>
  </c>
  <c>
    <f><![CDATA[social injustices]]></f>
    <b><![CDATA[las injusticias sociales]]></b>
  </c>
  <c>
    <f><![CDATA[poverty]]></f>
    <b><![CDATA[la pobreza]]></b>
  </c>
  <c>
    <f><![CDATA[lack (of resources)]]></f>
    <b><![CDATA[la carencia (de recursos) ]]></b>
  </c>
  <c>
    <f><![CDATA[lack (of opportunities)]]></f>
    <b><![CDATA[la falta (de oportunidades) ]]></b>
  </c>
  <c>
    <f><![CDATA[necessity (of work seats)]]></f>
    <b><![CDATA[la necesidad (de plazas de trabajo)]]></b>
  </c>
  <c>
    <f><![CDATA[discrimination (social, racial)]]></f>
    <b><![CDATA[la discriminación (social, racial)]]></b>
  </c>
  <c>
    <f><![CDATA[inequality]]></f>
    <b><![CDATA[la desigualdad]]></b>
  </c>
  <c>
    <f><![CDATA[marginalization]]></f>
    <b><![CDATA[la marginación]]></b>
  </c>
  <c>
    <f><![CDATA[the deprived, marginalized]]></f>
    <b><![CDATA[los marginados]]></b>
  </c>
  <c>
    <f><![CDATA[justice]]></f>
    <b><![CDATA[la justicia]]></b>
  </c>
  <c>
    <f><![CDATA[aid (to the Third World)]]></f>
    <b><![CDATA[la ayuda (al Tercer Mundo)]]></b>
  </c>
  <c>
    <f><![CDATA[cooperation]]></f>
    <b><![CDATA[la cooperación]]></b>
  </c>
  <c>
    <f><![CDATA[common effort]]></f>
    <b><![CDATA[el esfuerzo común]]></b>
  </c>
  <c>
    <f><![CDATA[Non-Governmental Organizations  (NGOs)]]></f>
    <b><![CDATA[las Organizaciones No Gubernamentales (ONGs) ]]></b>
  </c>
  <c>
    <f><![CDATA[a not-for-profit organization]]></f>
    <b><![CDATA[una entidad sin ánimo de lucro]]></b>
  </c>
  <c>
    <f><![CDATA[volunteers]]></f>
    <b><![CDATA[los voluntarios]]></b>
  </c>
  <c>
    <f><![CDATA[union]]></f>
    <b><![CDATA[la unión]]></b>
  </c>
  <c>
    <f><![CDATA[common objectives]]></f>
    <b><![CDATA[los objetivos comunes ]]></b>
  </c>
  <c>
    <f><![CDATA[fair trade]]></f>
    <b><![CDATA[el comercio justo ]]></b>
  </c>
  <c>
    <f><![CDATA[to eradicate (poverty, hunger, illiteracy)]]></f>
    <b><![CDATA[erradicar (la pobreza, el hambre, el analfabetismo)]]></b>
  </c>
  <c>
    <f><![CDATA[Basic services]]></f>
    <b><![CDATA[Servicios básicos ]]></b>
  </c>
  <c>
    <f><![CDATA[water]]></f>
    <b><![CDATA[el agua]]></b>
  </c>
  <c>
    <f><![CDATA[light]]></f>
    <b><![CDATA[la luz]]></b>
  </c>
  <c>
    <f><![CDATA[highways]]></f>
    <b><![CDATA[las carreteras]]></b>
  </c>
  <c>
    <f><![CDATA[training centres]]></f>
    <b><![CDATA[los centros de capacitación ]]></b>
  </c>
  <c>
    <f><![CDATA[schools]]></f>
    <b><![CDATA[los colegios]]></b>
  </c>
  <c>
    <f><![CDATA[recreational centres]]></f>
    <b><![CDATA[los centros recreativos]]></b>
  </c>
  <c>
    <f><![CDATA[job centres]]></f>
    <b><![CDATA[los centros de trabajo ]]></b>
  </c>
  <c>
    <f><![CDATA[markets]]></f>
    <b><![CDATA[los mercados]]></b>
  </c>
  <c>
    <f><![CDATA[first aid posts]]></f>
    <b><![CDATA[las postas médicas]]></b>
  </c>
  <c>
    <f><![CDATA[Warlike confrontations]]></f>
    <b><![CDATA[Enfrentamientos bélicos ]]></b>
  </c>
  <c>
    <f><![CDATA[civil war]]></f>
    <b><![CDATA[la guerra civil]]></b>
  </c>
  <c>
    <f><![CDATA[revolution]]></f>
    <b><![CDATA[la revolución]]></b>
  </c>
  <c>
    <f><![CDATA[terrorism]]></f>
    <b><![CDATA[el terrorismo]]></b>
  </c>
  <c>
    <f><![CDATA[rise]]></f>
    <b><![CDATA[el levantamiento ]]></b>
  </c>
  <c>
    <f><![CDATA[revolt]]></f>
    <b><![CDATA[la sublevación]]></b>
  </c>
  <c>
    <f><![CDATA[battle]]></f>
    <b><![CDATA[la batalla ]]></b>
  </c>
  <c>
    <f><![CDATA[fight]]></f>
    <b><![CDATA[la contienda]]></b>
  </c>
  <c>
    <f><![CDATA[confrontation]]></f>
    <b><![CDATA[el enfrentamiento ]]></b>
  </c>
  <c>
    <f><![CDATA[bombing, to bomb]]></f>
    <b><![CDATA[el bombardeo, bombardear]]></b>
  </c>
  <c>
    <f><![CDATA[troops]]></f>
    <b><![CDATA[las tropas ]]></b>
  </c>
  <c>
    <f><![CDATA[arms]]></f>
    <b><![CDATA[las armas ]]></b>
  </c>
  <c>
    <f><![CDATA[tanks]]></f>
    <b><![CDATA[los tanques]]></b>
  </c>
  <c>
    <f><![CDATA[Policy]]></f>
    <b><![CDATA[Política]]></b>
  </c>
  <c>
    <f><![CDATA[sides]]></f>
    <b><![CDATA[los bandos]]></b>
  </c>
  <c>
    <f><![CDATA[political parties]]></f>
    <b><![CDATA[los partidos políticos ]]></b>
  </c>
  <c>
    <f><![CDATA[antiCastro parties]]></f>
    <b><![CDATA[los anticastristas]]></b>
  </c>
  <c>
    <f><![CDATA[facists]]></f>
    <b><![CDATA[los fascistas]]></b>
  </c>
  <c>
    <f><![CDATA[antifascist parties]]></f>
    <b><![CDATA[los antifascistas ]]></b>
  </c>
  <c>
    <f><![CDATA[Franco supporters]]></f>
    <b><![CDATA[los franquistas ]]></b>
  </c>
  <c>
    <f><![CDATA[nationalists]]></f>
    <b><![CDATA[los nacionalistas]]></b>
  </c>
  <c>
    <f><![CDATA[rebels]]></f>
    <b><![CDATA[los rebeldes]]></b>
  </c>
  <c>
    <f><![CDATA[republicans]]></f>
    <b><![CDATA[los republicanos ]]></b>
  </c>
  <c>
    <f><![CDATA[resistance]]></f>
    <b><![CDATA[la resistencia]]></b>
  </c>
  <c>
    <f><![CDATA[exiles]]></f>
    <b><![CDATA[los exiliados / los exilados ]]></b>
  </c>
  <c>
    <f><![CDATA[socialist republic]]></f>
    <b><![CDATA[la república socialista]]></b>
  </c>
  <c>
    <f><![CDATA[a government (democratic, socialist, military)]]></f>
    <b><![CDATA[un gobierno (democrático, socialista, militar)]]></b>
  </c>
  <c>
    <f><![CDATA[dictatorship (political, military)]]></f>
    <b><![CDATA[la dictadura (política, militar)]]></b>
  </c>
  <c>
    <f><![CDATA[dictatorial regime]]></f>
    <b><![CDATA[el régimen dictatorial]]></b>
  </c>
  <c>
    <f><![CDATA[relations]]></f>
    <b><![CDATA[las relaciones]]></b>
  </c>
  <c>
    <f><![CDATA[diplomats]]></f>
    <b><![CDATA[diplomáticas]]></b>
  </c>
  <c>
    <f><![CDATA[to break, to establish, to restore diplomatic relations]]></f>
    <b><![CDATA[romper, establecer, restablecer relaciones diplomáticas]]></b>
  </c>
  <c>
    <f><![CDATA[blockade (commercial, economic, international)]]></f>
    <b><![CDATA[el bloqueo (comercial, económico, internacional)]]></b>
  </c>
  <c>
    <f><![CDATA[reform (social, political, constitutional)]]></f>
    <b><![CDATA[la reforma (social, política, constitucional) ]]></b>
  </c>
  <c>
    <f><![CDATA[proclamation]]></f>
    <b><![CDATA[la proclamación]]></b>
  </c>
  <c>
    <f><![CDATA[National currencies]]></f>
    <b><![CDATA[Monedas nacionales ]]></b>
  </c>
  <c>
    <f><![CDATA[currency]]></f>
    <b><![CDATA[la moneda]]></b>
  </c>
  <c>
    <f><![CDATA[dollar]]></f>
    <b><![CDATA[el dólar]]></b>
  </c>
  <c>
    <f><![CDATA[euro]]></f>
    <b><![CDATA[el euro]]></b>
  </c>
  <c>
    <f><![CDATA[pound sterling]]></f>
    <b><![CDATA[la libra esterlina ]]></b>
  </c>
  <c>
    <f><![CDATA[peseta]]></f>
    <b><![CDATA[la peseta]]></b>
  </c>
  <c>
    <f><![CDATA[peso]]></f>
    <b><![CDATA[el peso]]></b>
  </c>
  <c>
    <f><![CDATA[sol]]></f>
    <b><![CDATA[el sol]]></b>
  </c>
  <c>
    <f><![CDATA[Economy]]></f>
    <b><![CDATA[Economía]]></b>
  </c>
  <c>
    <f><![CDATA[employment growth]]></f>
    <b><![CDATA[el crecimiento de empleos ]]></b>
  </c>
  <c>
    <f><![CDATA[to give/to request credit]]></f>
    <b><![CDATA[dar / pedir crédito]]></b>
  </c>
  <c>
    <f><![CDATA[to give/to request a loan]]></f>
    <b><![CDATA[dar / pedir un préstamo ]]></b>
  </c>
  <c>
    <f><![CDATA[administrative managements]]></f>
    <b><![CDATA[las gestiones administrativas]]></b>
  </c>
  <c>
    <f><![CDATA[income]]></f>
    <b><![CDATA[los ingresos ]]></b>
  </c>
  <c>
    <f><![CDATA[to invest]]></f>
    <b><![CDATA[invertir]]></b>
  </c>
  <c>
    <f><![CDATA[to obtain a mortgage]]></f>
    <b><![CDATA[obtener una hipoteca ]]></b>
  </c>
  <c>
    <f><![CDATA[to pay]]></f>
    <b><![CDATA[pagar]]></b>
  </c>
  <c>
    <f><![CDATA[to sell]]></f>
    <b><![CDATA[vender]]></b>
  </c>
  <c>
    <f><![CDATA[Organizations]]></f>
    <b><![CDATA[Entidades ]]></b>
  </c>
  <c>
    <f><![CDATA[bank]]></f>
    <b><![CDATA[el banco]]></b>
  </c>
  <c>
    <f><![CDATA[stock-market]]></f>
    <b><![CDATA[la bolsa]]></b>
  </c>
  <c>
    <f><![CDATA[savings bank]]></f>
    <b><![CDATA[la caja de ahorros ]]></b>
  </c>
  <c>
    <f><![CDATA[microcompanies]]></f>
    <b><![CDATA[las microempresas]]></b>
  </c>
  <c>
    <f><![CDATA[Professions/offices]]></f>
    <b><![CDATA[Profesiones/oficios]]></b>
  </c>
  <c>
    <f><![CDATA[banker]]></f>
    <b><![CDATA[el banquero]]></b>
  </c>
  <c>
    <f><![CDATA[buyer]]></f>
    <b><![CDATA[el comprador]]></b>
  </c>
  <c>
    <f><![CDATA[bank employee]]></f>
    <b><![CDATA[el empleado de banca]]></b>
  </c>
  <c>
    <f><![CDATA[manager]]></f>
    <b><![CDATA[el gestor]]></b>
  </c>
  <c>
    <f><![CDATA[microbusinessperson]]></f>
    <b><![CDATA[el microempresario]]></b>
  </c>
  <c>
    <f><![CDATA[salesman]]></f>
    <b><![CDATA[el vendedor]]></b>
  </c>
  <c>
    <f><![CDATA[Description of character or temperament]]></f>
    <b><![CDATA[Descripción de carácter o temperamento]]></b>
  </c>
  <c>
    <f><![CDATA[to be a noxious animal]]></f>
    <b><![CDATA[ser una alimaña]]></b>
  </c>
  <c>
    <f><![CDATA[to be a criminal]]></f>
    <b><![CDATA[ser un criminal]]></b>
  </c>
  <c>
    <f><![CDATA[cruel]]></f>
    <b><![CDATA[cruel]]></b>
  </c>
  <c>
    <f><![CDATA[generous]]></f>
    <b><![CDATA[generoso]]></b>
  </c>
  <c>
    <f><![CDATA[honest]]></f>
    <b><![CDATA[honesto ]]></b>
  </c>
  <c>
    <f><![CDATA[to be innocent]]></f>
    <b><![CDATA[ser inocente]]></b>
  </c>
  <c>
    <f><![CDATA[to behave impeccably]]></f>
    <b><![CDATA[tener una conducta intachable]]></b>
  </c>
  <c>
    <f><![CDATA[to be interesting]]></f>
    <b><![CDATA[ser un interesado]]></b>
  </c>
  <c>
    <f><![CDATA[just]]></f>
    <b><![CDATA[justo ]]></b>
  </c>
  <c>
    <f><![CDATA[virtuous]]></f>
    <b><![CDATA[virtuoso]]></b>
  </c>
</root>