﻿<?xml version="1.0" encoding="utf-8"?>
<root>
<c>
<f><![CDATA[beard]]></f>
<b><![CDATA[la barba]]></b>
</c><c>
<f><![CDATA[chin]]></f>
<b><![CDATA[la barbilla]]></b>
</c><c>
<f><![CDATA[moustache]]></f>
<b><![CDATA[el bigote]]></b>
</c><c>
<f><![CDATA[mouth]]></f>
<b><![CDATA[la boca]]></b>
</c><c>
<f><![CDATA[arm]]></f>
<b><![CDATA[el brazo]]></b>
</c><c>
<f><![CDATA[hair]]></f>
<b><![CDATA[los cabellos]]></b>
</c><c>
<f><![CDATA[head]]></f>
<b><![CDATA[la cabeza]]></b>
</c><c>
<f><![CDATA[face]]></f>
<b><![CDATA[la cara]]></b>
</c><c>
<f><![CDATA[elbow]]></f>
<b><![CDATA[el codo]]></b>
</c><c>
<f><![CDATA[heart]]></f>
<b><![CDATA[el corazón]]></b>
</c><c>
<f><![CDATA[neck]]></f>
<b><![CDATA[el cuello]]></b>
</c><c>
<f><![CDATA[body]]></f>
<b><![CDATA[el cuerpo]]></b>
</c><c>
<f><![CDATA[finger]]></f>
<b><![CDATA[el dedo]]></b>
</c><c>
<f><![CDATA[tooth]]></f>
<b><![CDATA[el diente]]></b>
</c><c>
<f><![CDATA[back]]></f>
<b><![CDATA[la espalda]]></b>
</c><c>
<f><![CDATA[stomach]]></f>
<b><![CDATA[el estómago]]></b>
</c><c>
<f><![CDATA[forehead]]></f>
<b><![CDATA[la frente]]></b>
</c><c>
<f><![CDATA[throat]]></f>
<b><![CDATA[la garganta]]></b>
</c><c>
<f><![CDATA[shoulder]]></f>
<b><![CDATA[el hombro]]></b>
</c><c>
<f><![CDATA[bone]]></f>
<b><![CDATA[el hueso]]></b>
</c><c>
<f><![CDATA[lip]]></f>
<b><![CDATA[el labio]]></b>
</c><c>
<f><![CDATA[tear]]></f>
<b><![CDATA[la lágrima]]></b>
</c><c>
<f><![CDATA[tengue]]></f>
<b><![CDATA[la lengua]]></b>
</c><c>
<f><![CDATA[hand]]></f>
<b><![CDATA[la mano]]></b>
</c><c>
<f><![CDATA[cheek]]></f>
<b><![CDATA[la mejilla]]></b>
</c><c>
<f><![CDATA[tooth (molar)]]></f>
<b><![CDATA[la muela]]></b>
</c><c>
<f><![CDATA[wrist]]></f>
<b><![CDATA[la muñeca]]></b>
</c><c>
<f><![CDATA[nose]]></f>
<b><![CDATA[la nariz]]></b>
</c><c>
<f><![CDATA[eye]]></f>
<b><![CDATA[el ojo]]></b>
</c><c>
<f><![CDATA[ear]]></f>
<b><![CDATA[la oreja]]></b>
</c><c>
<f><![CDATA[hair]]></f>
<b><![CDATA[el pelo]]></b>
</c><c>
<f><![CDATA[foot]]></f>
<b><![CDATA[el pie]]></b>
</c><c>
<f><![CDATA[skin]]></f>
<b><![CDATA[la piel]]></b>
</c><c>
<f><![CDATA[leg]]></f>
<b><![CDATA[la pierna]]></b>
</c><c>
<f><![CDATA[knee]]></f>
<b><![CDATA[la rodilla]]></b>
</c><c>
<f><![CDATA[face]]></f>
<b><![CDATA[el rostro]]></b>
</c><c>
<f><![CDATA[ankle]]></f>
<b><![CDATA[el tobillo]]></b>
</c><c>
<f><![CDATA[stomach]]></f>
<b><![CDATA[el vientre]]></b>
</c><c>
<f><![CDATA[voice]]></f>
<b><![CDATA[la voz]]></b>
</c><c>
<f><![CDATA[ambulance]]></f>
<b><![CDATA[la ambulancia]]></b>
</c><c>
<f><![CDATA[aspirin]]></f>
<b><![CDATA[la aspirina]]></b>
</c><c>
<f><![CDATA[cold]]></f>
<b><![CDATA[el catarro]]></b>
</c><c>
<f><![CDATA[appointment (e.g. with doctor)]]></f>
<b><![CDATA[la cita]]></b>
</c><c>
<f><![CDATA[clinic]]></f>
<b><![CDATA[la clínica]]></b>
</c><c>
<f><![CDATA[tablet]]></f>
<b><![CDATA[el comprimido]]></b>
</c><c>
<f><![CDATA[doctor's surgery]]></f>
<b><![CDATA[el consultorio]]></b>
</c><c>
<f><![CDATA[cream]]></f>
<b><![CDATA[la crema]]></b>
</c><c>
<f><![CDATA[cure]]></f>
<b><![CDATA[la cura]]></b>
</c><c>
<f><![CDATA[pain]]></f>
<b><![CDATA[el dolor]]></b>
</c><c>
<f><![CDATA[headache]]></f>
<b><![CDATA[el dolor de cabeza]]></b>
</c><c>
<f><![CDATA[toothache]]></f>
<b><![CDATA[el dolor de muelas]]></b>
</c><c>
<f><![CDATA[drug]]></f>
<b><![CDATA[la droga]]></b>
</c><c>
<f><![CDATA[filling]]></f>
<b><![CDATA[el empaste]]></b>
</c><c>
<f><![CDATA[illness]]></f>
<b><![CDATA[la enfermedad]]></b>
</c><c>
<f><![CDATA[sticking plaster]]></f>
<b><![CDATA[el esparadrapo]]></b>
</c><c>
<f><![CDATA[chemist's]]></f>
<b><![CDATA[la farmacia]]></b>
</c><c>
<f><![CDATA[temperature]]></f>
<b><![CDATA[la fiebre]]></b>
</c><c>
<f><![CDATA[flu]]></f>
<b><![CDATA[la gripe]]></b>
</c><c>
<f><![CDATA[wound]]></f>
<b><![CDATA[la herida]]></b>
</c><c>
<f><![CDATA[sunstroke]]></f>
<b><![CDATA[la insolación]]></b>
</c><c>
<f><![CDATA[injection]]></f>
<b><![CDATA[la inyección]]></b>
</c><c>
<f><![CDATA[medicine]]></f>
<b><![CDATA[el medicamento]]></b>
</c><c>
<f><![CDATA[medicine]]></f>
<b><![CDATA[la medicina]]></b>
</c><c>
<f><![CDATA[operation]]></f>
<b><![CDATA[la operación]]></b>
</c><c>
<f><![CDATA[tablet]]></f>
<b><![CDATA[la pastilla]]></b>
</c><c>
<f><![CDATA[bite (insect)]]></f>
<b><![CDATA[la picadura]]></b>
</c><c>
<f><![CDATA[burn]]></f>
<b><![CDATA[la quemadura]]></b>
</c><c>
<f><![CDATA[prescription]]></f>
<b><![CDATA[la receta]]></b>
</c><c>
<f><![CDATA[remedy]]></f>
<b><![CDATA[el remedio]]></b>
</c><c>
<f><![CDATA[cold]]></f>
<b><![CDATA[el resfriado]]></b>
</c><c>
<f><![CDATA[health]]></f>
<b><![CDATA[la salud]]></b>
</c><c>
<f><![CDATA[AIDS]]></f>
<b><![CDATA[el SIDA]]></b>
</c><c>
<f><![CDATA[symptom]]></f>
<b><![CDATA[el síntoma]]></b>
</c><c>
<f><![CDATA[sticking plaster]]></f>
<b><![CDATA[la tirita]]></b>
</c><c>
<f><![CDATA[cough]]></f>
<b><![CDATA[la tos]]></b>
</c><c>
<f><![CDATA[treatment]]></f>
<b><![CDATA[el tratamiento]]></b>
</c><c>
<f><![CDATA[bandage]]></f>
<b><![CDATA[la venda]]></b>
</c><c>
<f><![CDATA[dentist]]></f>
<b><![CDATA[el dentista]]></b>
</c><c>
<f><![CDATA[doctor]]></f>
<b><![CDATA[el doctor]]></b>
</c><c>
<f><![CDATA[nurse]]></f>
<b><![CDATA[el enfermero]]></b>
</c><c>
<f><![CDATA[chemist]]></f>
<b><![CDATA[el farmacéutico]]></b>
</c><c>
<f><![CDATA[doctor]]></f>
<b><![CDATA[el médico]]></b>
</c><c>
<f><![CDATA[to cut]]></f>
<b><![CDATA[cortar]]></b>
</c><c>
<f><![CDATA[to faint]]></f>
<b><![CDATA[desmayarse]]></b>
</c><c>
<f><![CDATA[to hurt]]></f>
<b><![CDATA[doler]]></b>
</c><c>
<f><![CDATA[to feel OK]]></f>
<b><![CDATA[estar bien]]></b>
</c><c>
<f><![CDATA[to have a cold]]></f>
<b><![CDATA[estar constipado]]></b>
</c><c>
<f><![CDATA[to feel ill]]></f>
<b><![CDATA[estar mal]]></b>
</c><c>
<f><![CDATA[to stay in bed]]></f>
<b><![CDATA[guardar cama]]></b>
</c><c>
<f><![CDATA[to maintain]]></f>
<b><![CDATA[mantener]]></b>
</c><c>
<f><![CDATA[to get dizzy, seasick]]></f>
<b><![CDATA[marearse]]></b>
</c><c>
<f><![CDATA[to bite, to sting]]></f>
<b><![CDATA[picar]]></b>
</c><c>
<f><![CDATA[to burn oneself]]></f>
<b><![CDATA[quemarse]]></b>
</c><c>
<f><![CDATA[to put right]]></f>
<b><![CDATA[remediar]]></b>
</c><c>
<f><![CDATA[to slip]]></f>
<b><![CDATA[resbalar]]></b>
</c><c>
<f><![CDATA[to feel]]></f>
<b><![CDATA[sentirse]]></b>
</c><c>
<f><![CDATA[to tremble]]></f>
<b><![CDATA[temblar]]></b>
</c><c>
<f><![CDATA[to turn, to twist]]></f>
<b><![CDATA[torcer]]></b>
</c><c>
<f><![CDATA[to cough]]></f>
<b><![CDATA[toser]]></b>
</c><c>
<f><![CDATA[to bandage]]></f>
<b><![CDATA[vendar]]></b>
</c><c>
<f><![CDATA[to vomit]]></f>
<b><![CDATA[vomitar]]></b>
</c><c>
<f><![CDATA[accident]]></f>
<b><![CDATA[el accidente]]></b>
</c><c>
<f><![CDATA[ambulance]]></f>
<b><![CDATA[la ambulancia]]></b>
</c><c>
<f><![CDATA[murder]]></f>
<b><![CDATA[el asesinato]]></b>
</c><c>
<f><![CDATA[hold-up, mugging]]></f>
<b><![CDATA[el atraco]]></b>
</c><c>
<f><![CDATA[adventure]]></f>
<b><![CDATA[la aventura]]></b>
</c><c>
<f><![CDATA[warning]]></f>
<b><![CDATA[el aviso]]></b>
</c><c>
<f><![CDATA[help]]></f>
<b><![CDATA[la ayuda]]></b>
</c><c>
<f><![CDATA[bomb]]></f>
<b><![CDATA[la bomba]]></b>
</c><c>
<f><![CDATA[prison]]></f>
<b><![CDATA[la cárcel]]></b>
</c><c>
<f><![CDATA[collision]]></f>
<b><![CDATA[el choque]]></b>
</c><c>
<f><![CDATA[crime]]></f>
<b><![CDATA[el crimen]]></b>
</c><c>
<f><![CDATA[damage]]></f>
<b><![CDATA[el daño]]></b>
</c><c>
<f><![CDATA[disaster]]></f>
<b><![CDATA[el desastre]]></b>
</c><c>
<f><![CDATA[description]]></f>
<b><![CDATA[la descripción]]></b>
</c><c>
<f><![CDATA[misfortune]]></f>
<b><![CDATA[la desgracia]]></b>
</c><c>
<f><![CDATA[scene]]></f>
<b><![CDATA[la escena]]></b>
</c><c>
<f><![CDATA[tire]]></f>
<b><![CDATA[el fuego]]></b>
</c><c>
<f><![CDATA[rifle]]></f>
<b><![CDATA[el fusil]]></b>
</c><c>
<f><![CDATA[blow]]></f>
<b><![CDATA[el golpe]]></b>
</c><c>
<f><![CDATA[shout]]></f>
<b><![CDATA[el grito]]></b>
</c><c>
<f><![CDATA[smoke]]></f>
<b><![CDATA[el humo]]></b>
</c><c>
<f><![CDATA[tire]]></f>
<b><![CDATA[el incendio]]></b>
</c><c>
<f><![CDATA[flood]]></f>
<b><![CDATA[la inundación]]></b>
</c><c>
<f><![CDATA[lie]]></f>
<b><![CDATA[la mentira]]></b>
</c><c>
<f><![CDATA[fine]]></f>
<b><![CDATA[la multa]]></b>
</c><c>
<f><![CDATA[danger]]></f>
<b><![CDATA[el peligro]]></b>
</c><c>
<f><![CDATA[loss]]></f>
<b><![CDATA[la pérdida]]></b>
</c><c>
<f><![CDATA[puncture, flat tyre]]></f>
<b><![CDATA[el pinchazo]]></b>
</c><c>
<f><![CDATA[reward]]></f>
<b><![CDATA[la recompensa]]></b>
</c><c>
<f><![CDATA[rescue]]></f>
<b><![CDATA[el rescate]]></b>
</c><c>
<f><![CDATA[risk]]></f>
<b><![CDATA[el riesgo]]></b>
</c><c>
<f><![CDATA[robbery]]></f>
<b><![CDATA[el robo]]></b>
</c><c>
<f><![CDATA[blood]]></f>
<b><![CDATA[la sangre]]></b>
</c><c>
<f><![CDATA[kidnapping]]></f>
<b><![CDATA[el secuestro]]></b>
</c><c>
<f><![CDATA[witness]]></f>
<b><![CDATA[el testigo]]></b>
</c><c>
<f><![CDATA[tragedy]]></f>
<b><![CDATA[la tragedia]]></b>
</c><c>
<f><![CDATA[life]]></f>
<b><![CDATA[la vida]]></b>
</c><c>
<f><![CDATA[murderer]]></f>
<b><![CDATA[el asesino]]></b>
</c><c>
<f><![CDATA[firefighter]]></f>
<b><![CDATA[el bombero]]></b>
</c><c>
<f><![CDATA[drug addict]]></f>
<b><![CDATA[el drogadicto]]></b>
</c><c>
<f><![CDATA[thief, burglar]]></f>
<b><![CDATA[el ladrón ]]></b>
</c><c>
<f><![CDATA[police officer]]></f>
<b><![CDATA[el policía]]></b>
</c><c>
<f><![CDATA[police]]></f>
<b><![CDATA[la policía]]></b>
</c><c>
<f><![CDATA[pickpocket]]></f>
<b><![CDATA[el ratero]]></b>
</c><c>
<f><![CDATA[victim]]></f>
<b><![CDATA[la víctima]]></b>
</c><c>
<f><![CDATA[to drown]]></f>
<b><![CDATA[ahogarse]]></b>
</c><c>
<f><![CDATA[to put out (e.g. a fire)]]></f>
<b><![CDATA[apagar]]></b>
</c><c>
<f><![CDATA[to murder]]></f>
<b><![CDATA[asesinar]]></b>
</c><c>
<f><![CDATA[to attack]]></f>
<b><![CDATA[atacar]]></b>
</c><c>
<f><![CDATA[to run over]]></f>
<b><![CDATA[atropellar]]></b>
</c><c>
<f><![CDATA[to collide (with)]]></f>
<b><![CDATA[chocar (con)]]></b>
</c><c>
<f><![CDATA[to commit]]></f>
<b><![CDATA[cometer]]></b>
</c><c>
<f><![CDATA[to cross]]></f>
<b><![CDATA[cruzar]]></b>
</c><c>
<f><![CDATA[to disappear]]></f>
<b><![CDATA[desaparecer]]></b>
</c><c>
<f><![CDATA[to describe]]></f>
<b><![CDATA[describir]]></b>
</c><c>
<f><![CDATA[to hit]]></f>
<b><![CDATA[golpear]]></b>
</c><c>
<f><![CDATA[to shout]]></f>
<b><![CDATA[gritar]]></b>
</c><c>
<f><![CDATA[to get injured]]></f>
<b><![CDATA[herirse]]></b>
</c><c>
<f><![CDATA[to happen]]></f>
<b><![CDATA[ocurrir]]></b>
</c><c>
<f><![CDATA[to stop]]></f>
<b><![CDATA[parar]]></b>
</c><c>
<f><![CDATA[to hit]]></f>
<b><![CDATA[pegar]]></b>
</c><c>
<f><![CDATA[to rescue]]></f>
<b><![CDATA[rescatar]]></b>
</c><c>
<f><![CDATA[to steal]]></f>
<b><![CDATA[robar]]></b>
</c><c>
<f><![CDATA[to break]]></f>
<b><![CDATA[romperse]]></b>
</c><c>
<f><![CDATA[to save]]></f>
<b><![CDATA[salvar]]></b>
</c><c>
<f><![CDATA[to kidnap]]></f>
<b><![CDATA[secuestrar]]></b>
</c><c>
<f><![CDATA[to happen]]></f>
<b><![CDATA[suceder]]></b>
</c></root>