<?xml version="1.0" encoding="utf-8"?>
<root>
<c>
<f><![CDATA[lawyer]]></f>
<b><![CDATA[el abogado]]></b>
</c><c>
<f><![CDATA[actor]]></f>
<b><![CDATA[el actor]]></b>
</c><c>
<f><![CDATA[actress]]></f>
<b><![CDATA[la actriz]]></b>
</c><c>
<f><![CDATA[housewife]]></f>
<b><![CDATA[la ama de casa]]></b>
</c><c>
<f><![CDATA[architect]]></f>
<b><![CDATA[el arquitecto]]></b>
</c><c>
<f><![CDATA[artist]]></f>
<b><![CDATA[el artista]]></b>
</c><c>
<f><![CDATA[author]]></f>
<b><![CDATA[el autor]]></b>
</c><c>
<f><![CDATA[flight attendant]]></f>
<b><![CDATA[la azafata]]></b>
</c><c>
<f><![CDATA[firefighter]]></f>
<b><![CDATA[el bombero]]></b>
</c><c>
<f><![CDATA[cashier]]></f>
<b><![CDATA[el cajero]]></b>
</c><c>
<f><![CDATA[waiter ]]></f>
<b><![CDATA[el camarero]]></b>
</c><c>
<f><![CDATA[lorry driver]]></f>
<b><![CDATA[el camionero]]></b>
</c><c>
<f><![CDATA[singer]]></f>
<b><![CDATA[el cantante]]></b>
</c><c>
<f><![CDATA[butcher]]></f>
<b><![CDATA[el carnicero]]></b>
</c><c>
<f><![CDATA[carpenter]]></f>
<b><![CDATA[el carpintero]]></b>
</c><c>
<f><![CDATA[postman]]></f>
<b><![CDATA[el cartero]]></b>
</c><c>
<f><![CDATA[driver]]></f>
<b><![CDATA[el chófer]]></b>
</c><c>
<f><![CDATA[cook]]></f>
<b><![CDATA[el cocinero]]></b>
</c><c>
<f><![CDATA[driver]]></f>
<b><![CDATA[el conductor]]></b>
</c><c>
<f><![CDATA[maid]]></f>
<b><![CDATA[la criada]]></b>
</c><c>
<f><![CDATA[priest]]></f>
<b><![CDATA[el cura]]></b>
</c><c>
<f><![CDATA[dentist]]></f>
<b><![CDATA[el dentista]]></b>
</c><c>
<f><![CDATA[shop assistant]]></f>
<b><![CDATA[la dependiente]]></b>
</c><c>
<f><![CDATA[doctor]]></f>
<b><![CDATA[el doctor]]></b>
</c><c>
<f><![CDATA[electrician]]></f>
<b><![CDATA[el electricista]]></b>
</c><c>
<f><![CDATA[nurse]]></f>
<b><![CDATA[el enfermero]]></b>
</c><c>
<f><![CDATA[writer]]></f>
<b><![CDATA[el escritor]]></b>
</c><c>
<f><![CDATA[florist]]></f>
<b><![CDATA[el florista]]></b>
</c><c>
<f><![CDATA[plumber]]></f>
<b><![CDATA[el fontanero]]></b>
</c><c>
<f><![CDATA[photographer]]></f>
<b><![CDATA[el fotógrafo]]></b>
</c><c>
<f><![CDATA[fruit seller]]></f>
<b><![CDATA[el frutero]]></b>
</c><c>
<f><![CDATA[civil servant]]></f>
<b><![CDATA[el funcionario]]></b>
</c><c>
<f><![CDATA[garage attendant]]></f>
<b><![CDATA[el garajista]]></b>
</c><c>
<f><![CDATA[farmer]]></f>
<b><![CDATA[el granjero]]></b>
</c><c>
<f><![CDATA[police officer]]></f>
<b><![CDATA[el guardia]]></b>
</c><c>
<f><![CDATA[guide]]></f>
<b><![CDATA[el guía]]></b>
</c><c>
<f><![CDATA[businessman]]></f>
<b><![CDATA[el hombre de negocios]]></b>
</c><c>
<f><![CDATA[businesswoman]]></f>
<b><![CDATA[la mujer de negocios]]></b>
</c><c>
<f><![CDATA[engineer]]></f>
<b><![CDATA[el ingeniero]]></b>
</c><c>
<f><![CDATA[gardener]]></f>
<b><![CDATA[el jardinero]]></b>
</c><c>
<f><![CDATA[judge]]></f>
<b><![CDATA[el juez]]></b>
</c><c>
<f><![CDATA[teacher (primary school)]]></f>
<b><![CDATA[el maestro]]></b>
</c><c>
<f><![CDATA[sailor]]></f>
<b><![CDATA[el marinero]]></b>
</c><c>
<f><![CDATA[mechanic]]></f>
<b><![CDATA[el mecánico]]></b>
</c><c>
<f><![CDATA[miner]]></f>
<b><![CDATA[el minero]]></b>
</c><c>
<f><![CDATA[worker]]></f>
<b><![CDATA[el obrero]]></b>
</c><c>
<f><![CDATA[baker]]></f>
<b><![CDATA[el panadero]]></b>
</c><c>
<f><![CDATA[hairdresser]]></f>
<b><![CDATA[el peluquero]]></b>
</c><c>
<f><![CDATA[journalist]]></f>
<b><![CDATA[el periodista]]></b>
</c><c>
<f><![CDATA[fisherman]]></f>
<b><![CDATA[el pescador]]></b>
</c><c>
<f><![CDATA[pilot]]></f>
<b><![CDATA[el piloto]]></b>
</c><c>
<f><![CDATA[painter]]></f>
<b><![CDATA[el pintor]]></b>
</c><c>
<f><![CDATA[police officer]]></f>
<b><![CDATA[el policía]]></b>
</c><c>
<f><![CDATA[teacher]]></f>
<b><![CDATA[el profesor]]></b>
</c><c>
<f><![CDATA[receptionist]]></f>
<b><![CDATA[el recepcionista]]></b>
</c><c>
<f><![CDATA[tailor]]></f>
<b><![CDATA[el sastre]]></b>
</c><c>
<f><![CDATA[secretary]]></f>
<b><![CDATA[el secretario]]></b>
</c><c>
<f><![CDATA[soldier]]></f>
<b><![CDATA[el soldado]]></b>
</c><c>
<f><![CDATA[taxi driver]]></f>
<b><![CDATA[el taxista]]></b>
</c><c>
<f><![CDATA[shopkeeper]]></f>
<b><![CDATA[el tendero]]></b>
</c><c>
<f><![CDATA[to take care of]]></f>
<b><![CDATA[cuidar]]></b>
</c><c>
<f><![CDATA[to grow]]></f>
<b><![CDATA[cultivar]]></b>
</c><c>
<f><![CDATA[to design]]></f>
<b><![CDATA[diseñar]]></b>
</c><c>
<f><![CDATA[to employ, to use]]></f>
<b><![CDATA[emplear]]></b>
</c><c>
<f><![CDATA[to write]]></f>
<b><![CDATA[escribir]]></b>
</c><c>
<f><![CDATA[to be unemployed]]></f>
<b><![CDATA[estar en paro]]></b>
</c><c>
<f><![CDATA[to earn your living]]></f>
<b><![CDATA[ganarse la vida]]></b>
</c><c>
<f><![CDATA[to become]]></f>
<b><![CDATA[hacerse]]></b>
</c><c>
<f><![CDATA[to pay]]></f>
<b><![CDATA[pagar]]></b>
</c><c>
<f><![CDATA[to work]]></f>
<b><![CDATA[trabajar]]></b>
</c><c>
<f><![CDATA[to babysit]]></f>
<b><![CDATA[trabajar de canguro]]></b>
</c><c>
<f><![CDATA[ambition]]></f>
<b><![CDATA[la ambición]]></b>
</c><c>
<f><![CDATA[advertisement]]></f>
<b><![CDATA[el anuncio]]></b>
</c><c>
<f><![CDATA[career]]></f>
<b><![CDATA[la carrera]]></b>
</c><c>
<f><![CDATA[trade]]></f>
<b><![CDATA[el comercio]]></b>
</c><c>
<f><![CDATA[company]]></f>
<b><![CDATA[la compañía]]></b>
</c><c>
<f><![CDATA[computer]]></f>
<b><![CDATA[la computadora]]></b>
</c><c>
<f><![CDATA[(individual) office]]></f>
<b><![CDATA[el despacho]]></b>
</c><c>
<f><![CDATA[job]]></f>
<b><![CDATA[el empleo]]></b>
</c><c>
<f><![CDATA[firm]]></f>
<b><![CDATA[la empresa]]></b>
</c><c>
<f><![CDATA[interview]]></f>
<b><![CDATA[la entrevista]]></b>
</c><c>
<f><![CDATA[factory]]></f>
<b><![CDATA[la fábrica]]></b>
</c><c>
<f><![CDATA[farm]]></f>
<b><![CDATA[la finca]]></b>
</c><c>
<f><![CDATA[form]]></f>
<b><![CDATA[el formulario]]></b>
</c><c>
<f><![CDATA[photocopy]]></f>
<b><![CDATA[la fotocopia]]></b>
</c><c>
<f><![CDATA[job application form]]></f>
<b><![CDATA[la hoja de solicitud]]></b>
</c><c>
<f><![CDATA[industry]]></f>
<b><![CDATA[la industria]]></b>
</c><c>
<f><![CDATA[typewriter]]></f>
<b><![CDATA[la máquina de escribir]]></b>
</c><c>
<f><![CDATA[business]]></f>
<b><![CDATA[los negocios]]></b>
</c><c>
<f><![CDATA[offer]]></f>
<b><![CDATA[la oferta]]></b>
</c><c>
<f><![CDATA[(large) office]]></f>
<b><![CDATA[la oficina]]></b>
</c><c>
<f><![CDATA[computer]]></f>
<b><![CDATA[el ordenador]]></b>
</c><c>
<f><![CDATA[profession]]></f>
<b><![CDATA[la profesión]]></b>
</c><c>
<f><![CDATA[plan]]></f>
<b><![CDATA[el proyecto]]></b>
</c><c>
<f><![CDATA[trade union]]></f>
<b><![CDATA[el sindicato]]></b>
</c><c>
<f><![CDATA[pay]]></f>
<b><![CDATA[el sueldo]]></b>
</c><c>
<f><![CDATA[work]]></f>
<b><![CDATA[el trabajo]]></b>
</c><c>
<f><![CDATA[tourism]]></f>
<b><![CDATA[el turismo]]></b>
</c><c>
<f><![CDATA[university]]></f>
<b><![CDATA[la universidad]]></b>
</c></root>