﻿<?xml version="1.0" encoding="utf-8"?>
<root>
  <c>
    <f><![CDATA[boring]]></f>
    <b><![CDATA[aburrido]]></b>
  </c>
  <c>
    <f><![CDATA[spa]]></f>
    <b><![CDATA[el balneario]]></b>
  </c>
  <c>
    <f><![CDATA[diving]]></f>
    <b><![CDATA[el buceo]]></b>
  </c>
  <c>
    <f><![CDATA[countryside]]></f>
    <b><![CDATA[el campo]]></b>
  </c>
  <c>
    <f><![CDATA[near]]></f>
    <b><![CDATA[cerca]]></b>
  </c>
  <c>
    <f><![CDATA[to ski]]></f>
    <b><![CDATA[esquiar]]></b>
  </c>
  <c>
    <f><![CDATA[lagoon, lake]]></f>
    <b><![CDATA[la laguna]]></b>
  </c>
  <c>
    <f><![CDATA[motorboat]]></f>
    <b><![CDATA[la lancha]]></b>
  </c>
  <c>
    <f><![CDATA[far]]></f>
    <b><![CDATA[lejos]]></b>
  </c>
  <c>
    <f><![CDATA[more]]></f>
    <b><![CDATA[más]]></b>
  </c>
  <c>
    <f><![CDATA[better]]></f>
    <b><![CDATA[mejor]]></b>
  </c>
  <c>
    <f><![CDATA[less]]></f>
    <b><![CDATA[menos]]></b>
  </c>
  <c>
    <f><![CDATA[worse]]></f>
    <b><![CDATA[peor]]></b>
  </c>
  <c>
    <f><![CDATA[as ... as]]></f>
    <b><![CDATA[tan ... como]]></b>
  </c>
  <c>
    <f><![CDATA[hot springs, baths]]></f>
    <b><![CDATA[las termas]]></b>
  </c>
  <c>
    <f><![CDATA[to feel like]]></f>
    <b><![CDATA[apetecer]]></b>
  </c>
  <c>
    <f><![CDATA[ballet]]></f>
    <b><![CDATA[el ballet]]></b>
  </c>
  <c>
    <f><![CDATA[all right, OK]]></f>
    <b><![CDATA[de acuerdo / vale]]></b>
  </c>
  <c>
    <f><![CDATA[no way]]></f>
    <b><![CDATA[de ninguna manera]]></b>
  </c>
  <c>
    <f><![CDATA[not at all]]></f>
    <b><![CDATA[en absoluto]]></b>
  </c>
  <c>
    <f><![CDATA[great]]></f>
    <b><![CDATA[estupendo]]></b>
  </c>
  <c>
    <f><![CDATA[fantastic]]></f>
    <b><![CDATA[fenomenal]]></b>
  </c>
  <c>
    <f><![CDATA[brilliant]]></f>
    <b><![CDATA[genial]]></b>
  </c>
  <c>
    <f><![CDATA[opera]]></f>
    <b><![CDATA[la ópera]]></b>
  </c>
  <c>
    <f><![CDATA[to book]]></f>
    <b><![CDATA[reservar]]></b>
  </c>
  <c>
    <f><![CDATA[bath]]></f>
    <b><![CDATA[baño]]></b>
  </c>
  <c>
    <f><![CDATA[double]]></f>
    <b><![CDATA[doble]]></b>
  </c>
  <c>
    <f><![CDATA[shower]]></f>
    <b><![CDATA[la ducha]]></b>
  </c>
  <c>
    <f><![CDATA[single]]></f>
    <b><![CDATA[individual]]></b>
  </c>
  <c>
    <f><![CDATA[laundry]]></f>
    <b><![CDATA[la lavandería]]></b>
  </c>
  <c>
    <f><![CDATA[guest house]]></f>
    <b><![CDATA[la pensión]]></b>
  </c>
  <c>
    <f><![CDATA[reservation]]></f>
    <b><![CDATA[la reserva]]></b>
  </c>
  <c>
    <f><![CDATA[air conditioning]]></f>
    <b><![CDATA[el aire acondicionado]]></b>
  </c>
  <c>
    <f><![CDATA[light bulb]]></f>
    <b><![CDATA[la bombilla]]></b>
  </c>
  <c>
    <f><![CDATA[heating]]></f>
    <b><![CDATA[la calefacción]]></b>
  </c>
  <c>
    <f><![CDATA[to heat/warm up]]></f>
    <b><![CDATA[calentar]]></b>
  </c>
  <c>
    <f><![CDATA[flush/cistern]]></f>
    <b><![CDATA[la cisterna]]></b>
  </c>
  <c>
    <f><![CDATA[curtain]]></f>
    <b><![CDATA[la cortina]]></b>
  </c>
  <c>
    <f><![CDATA[broken, broken down]]></f>
    <b><![CDATA[Estropeado]]></b>
  </c>
  <c>
    <f><![CDATA[to work, to function]]></f>
    <b><![CDATA[funcionar]]></b>
  </c>
  <c>
    <f><![CDATA[tap]]></f>
    <b><![CDATA[el grifo]]></b>
  </c>
  <c>
    <f><![CDATA[broken]]></f>
    <b><![CDATA[roto]]></b>
  </c>
  <c>
    <f><![CDATA[sheet]]></f>
    <b><![CDATA[la sábana]]></b>
  </c>
  <c>
    <f><![CDATA[to sound, to be on(radio)]]></f>
    <b><![CDATA[sonar]]></b>
  </c>
  <c>
    <f><![CDATA[dirty]]></f>
    <b><![CDATA[sucio]]></b>
  </c>
  <c>
    <f><![CDATA[platform]]></f>
    <b><![CDATA[el andén]]></b>
  </c>
  <c>
    <f><![CDATA[for (destination)]]></f>
    <b><![CDATA[con destino]]></b>
  </c>
  <c>
    <f><![CDATA[to take (time) (LAm)]]></f>
    <b><![CDATA[demorarse]]></b>
  </c>
  <c>
    <f><![CDATA[check-in]]></f>
    <b><![CDATA[la facturación]]></b>
  </c>
  <c>
    <f><![CDATA[date]]></f>
    <b><![CDATA[la fecha]]></b>
  </c>
  <c>
    <f><![CDATA[single]]></f>
    <b><![CDATA[(de) ida]]></b>
  </c>
  <c>
    <f><![CDATA[return]]></f>
    <b><![CDATA[(de) ida y vuelta]]></b>
  </c>
  <c>
    <f><![CDATA[arrival]]></f>
    <b><![CDATA[la llegada]]></b>
  </c>
  <c>
    <f><![CDATA[price]]></f>
    <b><![CDATA[el precio]]></b>
  </c>
  <c>
    <f><![CDATA[newspapers and magazines (press)]]></f>
    <b><![CDATA[la prensa]]></b>
  </c>
  <c>
    <f><![CDATA[from]]></f>
    <b><![CDATA[procedente de]]></b>
  </c>
  <c>
    <f><![CDATA[departure]]></f>
    <b><![CDATA[la salida]]></b>
  </c>
  <c>
    <f><![CDATA[squid]]></f>
    <b><![CDATA[los calamares]]></b>
  </c>
  <c>
    <f><![CDATA[butcher's]]></f>
    <b><![CDATA[la carnecería]]></b>
  </c>
  <c>
    <f><![CDATA[delicatessen]]></f>
    <b><![CDATA[la charcutería]]></b>
  </c>
  <c>
    <f><![CDATA[quarter]]></f>
    <b><![CDATA[el cuarto]]></b>
  </c>
  <c>
    <f><![CDATA[strawberry]]></f>
    <b><![CDATA[la fresa]]></b>
  </c>
  <c>
    <f><![CDATA[fruit stall/shop]]></f>
    <b><![CDATA[la frutería]]></b>
  </c>
  <c>
    <f><![CDATA[lemon]]></f>
    <b><![CDATA[el limón]]></b>
  </c>
  <c>
    <f><![CDATA[apple]]></f>
    <b><![CDATA[la manzana]]></b>
  </c>
  <c>
    <f><![CDATA[half]]></f>
    <b><![CDATA[medio]]></b>
  </c>
  <c>
    <f><![CDATA[orange]]></f>
    <b><![CDATA[la naranja]]></b>
  </c>
  <c>
    <f><![CDATA[fishmonger's]]></f>
    <b><![CDATA[la pescadería]]></b>
  </c>
  <c>
    <f><![CDATA[banana]]></f>
    <b><![CDATA[el plátano]]></b>
  </c>
  <c>
    <f><![CDATA[to choose]]></f>
    <b><![CDATA[elegir]]></b>
  </c>
  <c>
    <f><![CDATA[inhabitant]]></f>
    <b><![CDATA[el/la habitante]]></b>
  </c>
  <c>
    <f><![CDATA[square metres]]></f>
    <b><![CDATA[los metros cuadrados]]></b>
  </c>
  <c>
    <f><![CDATA[population]]></f>
    <b><![CDATA[la población]]></b>
  </c>
  <c>
    <f><![CDATA[to prefer]]></f>
    <b><![CDATA[preferir]]></b>
  </c>
  <c>
    <f><![CDATA[surface]]></f>
    <b><![CDATA[la superficie]]></b>
  </c>
  <c>
    <f><![CDATA[temperature]]></f>
    <b><![CDATA[la temperatura]]></b>
  </c>
  <c>
    <f><![CDATA[land, homeland]]></f>
    <b><![CDATA[la tierra]]></b>
  </c>
  <c>
    <f><![CDATA[night life]]></f>
    <b><![CDATA[la vida nocturna]]></b>
  </c>
  <c>
    <f><![CDATA[applause]]></f>
    <b><![CDATA[el aplauso]]></b>
  </c>
  <c>
    <f><![CDATA[charming]]></f>
    <b><![CDATA[encantador]]></b>
  </c>
  <c>
    <f><![CDATA[star]]></f>
    <b><![CDATA[la estrella]]></b>
  </c>
  <c>
    <f><![CDATA[stress]]></f>
    <b><![CDATA[el estrés]]></b>
  </c>
  <c>
    <f><![CDATA[fair(ground)]]></f>
    <b><![CDATA[la feria]]></b>
  </c>
  <c>
    <f><![CDATA[to earn (money)]]></f>
    <b><![CDATA[ganar (dinero)]]></b>
  </c>
  <c>
    <f><![CDATA[interesting]]></f>
    <b><![CDATA[interesante]]></b>
  </c>
  <c>
    <f><![CDATA[audience]]></f>
    <b><![CDATA[el público]]></b>
  </c>
  <c>
    <f><![CDATA[satisfaction]]></f>
    <b><![CDATA[la satisfacción]]></b>
  </c>
</root>