﻿<?xml version="1.0" encoding="utf-8"?>
<root>
  <c>
    <f><![CDATA[How nice!]]></f>
    <b><![CDATA[¡Qué bonito! ¡Qué lindo! (LAm)]]></b>
  </c>
  <c>
    <f><![CDATA[It's beautiful!]]></f>
    <b><![CDATA[¡Es precioso!]]></b>
  </c>
  <c>
    <f><![CDATA[It's very modern!]]></f>
    <b><![CDATA[¡Es muy moderno!]]></b>
  </c>
  <c>
    <f><![CDATA[What is the Miguelete tower like?]]></f>
    <b><![CDATA[¿Cómo es la torre del Miguelete?]]></b>
  </c>
  <c>
    <f><![CDATA[It's very tall]]></f>
    <b><![CDATA[Es muy alta]]></b>
  </c>
  <c>
    <f><![CDATA[It's very old]]></f>
    <b><![CDATA[Es muy antigua]]></b>
  </c>
  <c>
    <f><![CDATA[Where is the Miguelete?]]></f>
    <b><![CDATA[¿Dónde está el Miguelete?]]></b>
  </c>
  <c>
    <f><![CDATA[It's in Valencia]]></f>
    <b><![CDATA[Está en Valencia]]></b>
  </c>
  <c>
    <f><![CDATA[It's in the centre]]></f>
    <b><![CDATA[Está en el centro]]></b>
  </c>
  <c>
    <f><![CDATA[It's next to the Town Hall]]></f>
    <b><![CDATA[Está al lado del Ayuntamiento]]></b>
  </c>
  <c>
    <f><![CDATA[It's opposite the shops]]></f>
    <b><![CDATA[Está enfrente de las tiendas]]></b>
  </c>
  <c>
    <f><![CDATA[It's near the Mercado Central]]></f>
    <b><![CDATA[Está cerca del Mercado Central]]></b>
  </c>
  <c>
    <f><![CDATA[It's a long way from here]]></f>
    <b><![CDATA[Está lejos de aquí]]></b>
  </c>
  <c>
    <f><![CDATA[Where are you going?]]></f>
    <b><![CDATA[¿Adónde vas?]]></b>
  </c>
  <c>
    <f><![CDATA[I'm going to the office]]></f>
    <b><![CDATA[Voy a la oficina]]></b>
  </c>
  <c>
    <f><![CDATA[I'm going to the cinema]]></f>
    <b><![CDATA[Voy al cine]]></b>
  </c>
  <c>
    <f><![CDATA[I'm going out for a walk]]></f>
    <b><![CDATA[Salgo a dar una vuelta]]></b>
  </c>
  <c>
    <f><![CDATA[Where is the instructor?]]></f>
    <b><![CDATA[¿Dónde está la monitora?]]></b>
  </c>
  <c>
    <f><![CDATA[I don't know]]></f>
    <b><![CDATA[No sé]]></b>
  </c>
  <c>
    <f><![CDATA[Is she in the gym?]]></f>
    <b><![CDATA[¿Está en el gimnasio?]]></b>
  </c>
  <c>
    <f><![CDATA[Do you know where the gym is?]]></f>
    <b><![CDATA[¿Sabes dónde está el gimnasio?]]></b>
  </c>
  <c>
    <f><![CDATA[Yes, it's on the first floor]]></f>
    <b><![CDATA[Sí, está en el primer piso]]></b>
  </c>
  <c>
    <f><![CDATA[Where can I find a bank near here?]]></f>
    <b><![CDATA[¿Dónde hay un banco por aquí?]]></b>
  </c>
  <c>
    <f><![CDATA[Take the first on the right]]></f>
    <b><![CDATA[Tome la primera a la derecha]]></b>
  </c>
  <c>
    <f><![CDATA[Keep straight on]]></f>
    <b><![CDATA[Siga todo recto]]></b>
  </c>
  <c>
    <f><![CDATA[Take the third on the left]]></f>
    <b><![CDATA[Tome la tercera a la izquierda]]></b>
  </c>
  <c>
    <f><![CDATA[Excuse me, where can I change money?]]></f>
    <b><![CDATA[Oiga, ¿para cambiar dinero?]]></b>
  </c>
  <c>
    <f><![CDATA[The first counter]]></f>
    <b><![CDATA[La primera ventanilla]]></b>
  </c>
  <c>
    <f><![CDATA[Where is the Oriente hotel?]]></f>
    <b><![CDATA[¿Dónde está el hotel Oriente?]]></b>
  </c>
  <c>
    <f><![CDATA[A few yards from the Teatro Liceo]]></f>
    <b><![CDATA[A dos pasos del Teatro Liceo]]></b>
  </c>
  <c>
    <f><![CDATA[A hundred metres from the Plaza Catalunya]]></f>
    <b><![CDATA[A cien metros de la Plaza Catalunya]]></b>
  </c>
</root>