﻿<?xml version="1.0" encoding="utf-8"?>
<root>
  <c>
    <f><![CDATA[And who's this boy?]]></f>
    <b><![CDATA[¿Y este niño? ¿Quién es?]]></b>
  </c>
  <c>
    <f><![CDATA[That's my cousin]]></f>
    <b><![CDATA[Es mi primo]]></b>
  </c>
  <c>
    <f><![CDATA[And who's this?]]></f>
    <b><![CDATA[¿Y esta? ¿Quién es?]]></b>
  </c>
  <c>
    <f><![CDATA[That's my eldest sister]]></f>
    <b><![CDATA[Es mi hermana, (la) mayor]]></b>
  </c>
  <c>
    <f><![CDATA[Is he married?]]></f>
    <b><![CDATA[¿Está casado?]]></b>
  </c>
  <c>
    <f><![CDATA[He's single]]></f>
    <b><![CDATA[Es soltero]]></b>
  </c>
  <c>
    <f><![CDATA[He's separated]]></f>
    <b><![CDATA[Está separado]]></b>
  </c>
  <c>
    <f><![CDATA[He's divorced]]></f>
    <b><![CDATA[Está divorciado]]></b>
  </c>
  <c>
    <f><![CDATA[He's a widower]]></f>
    <b><![CDATA[Está viudo]]></b>
  </c>
  <c>
    <f><![CDATA[He/She's got a partner]]></f>
    <b><![CDATA[Tiene pareja]]></b>
  </c>
  <c>
    <f><![CDATA[How tall I look/I look so tall!]]></f>
    <b><![CDATA[¡Qué alta! (f) o ¡Qué alto! (m)]]></b>
  </c>
  <c>
    <f><![CDATA[I look so short!]]></f>
    <b><![CDATA[¡Qué baja! o ¡Qué bajo!]]></b>
  </c>
  <c>
    <f><![CDATA[How young!]]></f>
    <b><![CDATA[¡Qué joven!]]></b>
  </c>
  <c>
    <f><![CDATA[How strong!]]></f>
    <b><![CDATA[¡Qué fuerte!]]></b>
  </c>
  <c>
    <f><![CDATA[What are the children like?]]></f>
    <b><![CDATA[¿Cómo son los niños?]]></b>
  </c>
  <c>
    <f><![CDATA[They're short]]></f>
    <b><![CDATA[Son bajitos]]></b>
  </c>
  <c>
    <f><![CDATA[What's the Aunt like?]]></f>
    <b><![CDATA[¿Cómo es la tía?]]></b>
  </c>
  <c>
    <f><![CDATA[She's young]]></f>
    <b><![CDATA[Es joven]]></b>
  </c>
  <c>
    <f><![CDATA[What do you wear when you go to lectures?]]></f>
    <b><![CDATA[¿Qué te pones para ir a clase?]]></b>
  </c>
  <c>
    <f><![CDATA[A pair of jeans]]></f>
    <b><![CDATA[Unos vaqueros]]></b>
  </c>
  <c>
    <f><![CDATA[And what do you wear for going out (in the evening)?]]></f>
    <b><![CDATA[Y para salir, ¿qué te pones?]]></b>
  </c>
  <c>
    <f><![CDATA[And do you wear gloves in the winter?]]></f>
    <b><![CDATA[¿Y llevas guantes en invierno?]]></b>
  </c>
  <c>
    <f><![CDATA[What (clothes) is he wearing?]]></f>
    <b><![CDATA[¿Qué ropa lleva?]]></b>
  </c>
  <c>
    <f><![CDATA[He's wearing black trousers]]></f>
    <b><![CDATA[Lleva unos pantalones negros]]></b>
  </c>
  <c>
    <f><![CDATA[He's wearing sunglasses]]></f>
    <b><![CDATA[Lleva unas gafas de sol]]></b>
  </c>
  <c>
    <f><![CDATA[What has your brother got to do?]]></f>
    <b><![CDATA[¿Qué tiene que hacer tu hermano?]]></b>
  </c>
  <c>
    <f><![CDATA[He's got to phone the photographer]]></f>
    <b><![CDATA[Tiene que llamar al fotógrafo]]></b>
  </c>
  <c>
    <f><![CDATA[And what do you have to do?]]></f>
    <b><![CDATA[¿Y tú? ¿Qué debes hacer?]]></b>
  </c>
  <c>
    <f><![CDATA[I have to choose the rings]]></f>
    <b><![CDATA[Debo elegir los anillos]]></b>
  </c>
  <c>
    <f><![CDATA[I want a handbag]]></f>
    <b><![CDATA[Yo quiero un bolso]]></b>
  </c>
  <c>
    <f><![CDATA[What kind of handbag do you want?]]></f>
    <b><![CDATA[¿Cómo lo quieres?]]></b>
  </c>
  <c>
    <f><![CDATA[I want some sunglasses]]></f>
    <b><![CDATA[Yo quiero unas gafas de sol]]></b>
  </c>
  <c>
    <f><![CDATA[What sort do you want?]]></f>
    <b><![CDATA[¿Cómo las quieres?]]></b>
  </c>
  <c>
    <f><![CDATA[Shall we go to the planetarium?]]></f>
    <b><![CDATA[¿Vamos al planetario?]]></b>
  </c>
  <c>
    <f><![CDATA[Do you fancy/feel like going to the park?]]></f>
    <b><![CDATA[¿Te apetece ir al parque?]]></b>
  </c>
  <c>
    <f><![CDATA[Would you like to go to the square?]]></f>
    <b><![CDATA[¿Te gustaría ir a la plaza?]]></b>
  </c>
  <c>
    <f><![CDATA[Do you want to go shopping?]]></f>
    <b><![CDATA[¿Quieres ir de compras?]]></b>
  </c>
  <c>
    <f><![CDATA[I'm sorry, I don't have time]]></f>
    <b><![CDATA[Lo siento, no tengo tiempo]]></b>
  </c>
  <c>
    <f><![CDATA[Great!]]></f>
    <b><![CDATA[¡Estupendo! o ¡Genial! o ¡Regio!]]></b>
  </c>
</root>